"CRUISE","VESSEL","HAUL","STATION","LAT_DD","LON_DD","SPECIES_CODE","SPECIES_NAME","SEX","LENGTH","WIDTH","SAMPLING_FACTOR","SHELL_CONDITION","EGG_COLOR","EGG_CONDITION","CLUTCH_SIZE","WEIGHT","DISEASE_CODE","DISEASE_DORSAL","DISEASE_VENTRAL","DISEASE_LEGS","CHELA_HEIGHT","MERUS_LENGTH","COMMENTS","NOTES"
202301,"Vesteraalen",112,"N1",57.794907,-164.038592,69322,"red king crab",1,134.27,NA,1,2,NA,NA,NA,1.73,NA,NA,NA,NA,NA,NA,NA,NA
202301,"Vesteraalen",115,"N4",57.297379,-164.03071,69322,"red king crab",1,181.56,NA,1,2,NA,NA,NA,3.69,NA,NA,NA,NA,NA,NA,NA,NA
202301,"Vesteraalen",20,"W3",57.415526,-159.859503,69322,"red king crab",1,79.98,NA,1,2,NA,NA,NA,0.67,NA,NA,NA,NA,NA,NA,NA,NA
202301,"Vesteraalen",20,"W3",57.415526,-159.859503,69322,"red king crab",1,81.94,NA,1,2,NA,NA,NA,0.67,NA,NA,NA,NA,NA,NA,NA,NA
202301,"Vesteraalen",20,"W3",57.415526,-159.859503,69322,"red king crab",2,69.78,NA,1,2,0,0,0,1.06,NA,NA,NA,NA,NA,NA,NA,NA
202301,"Vesteraalen",20,"W3",57.415526,-159.859503,69322,"red king crab",2,87.94,NA,1,2,0,0,0,1.06,NA,NA,NA,NA,NA,NA,NA,NA
202301,"Vesteraalen",20,"W3",57.415526,-159.859503,69322,"red king crab",2,84.7,NA,1,2,0,0,0,1.06,NA,NA,NA,NA,NA,NA,NA,NA
202301,"Vesteraalen",18,"W5",57.084221,-159.892792,69322,"red king crab",1,140.25,NA,1,3,NA,NA,NA,2.32,NA,NA,NA,NA,NA,NA,NA,NA
202301,"Vesteraalen",17,"W6",56.918523,-159.909208,69322,"red king crab",2,124.89,NA,1,3,2,2,6,1.51,NA,NA,NA,NA,NA,NA,NA,NA
202301,"Vesteraalen",17,"W6",56.918523,-159.909208,69322,"red king crab",1,146.58,NA,1,3,NA,NA,NA,2.62,NA,NA,NA,NA,NA,NA,NA,NA
202301,"Vesteraalen",8,"V2",57.593853,-160.307739,69322,"red king crab",2,48.76,NA,1,2,0,0,0,0.08,NA,NA,NA,NA,NA,NA,NA,NA
202301,"Vesteraalen",9,"V3",57.428187,-160.322461,69322,"red king crab",1,87.17,NA,1,2,NA,NA,NA,2.62,NA,NA,NA,NA,NA,NA,NA,NA
202301,"Vesteraalen",9,"V3",57.428187,-160.322461,69322,"red king crab",1,146.42,NA,1,2,NA,NA,NA,2.62,NA,NA,NA,NA,NA,NA,NA,NA
202301,"Vesteraalen",11,"V5",57.096769,-160.351497,69322,"red king crab",1,163.4,NA,1,3,NA,NA,NA,3.3,NA,NA,NA,NA,NA,NA,NA,NA
202301,"Vesteraalen",11,"V5",57.096769,-160.351497,69322,"red king crab",2,110.74,NA,1,2,3,2,6,11.35,NA,NA,NA,NA,NA,NA,NA,NA
202301,"Vesteraalen",11,"V5",57.096769,-160.351497,69322,"red king crab",2,166.63,NA,1,3,3,2,6,11.35,NA,NA,NA,NA,NA,NA,NA,NA
202301,"Vesteraalen",11,"V5",57.096769,-160.351497,69322,"red king crab",2,126.66,NA,1,2,3,2,6,11.35,NA,NA,NA,NA,NA,NA,NA,NA
202301,"Vesteraalen",11,"V5",57.096769,-160.351497,69322,"red king crab",2,128.48,NA,1,3,2,2,6,11.35,NA,NA,NA,NA,NA,NA,NA,NA
202301,"Vesteraalen",11,"V5",57.096769,-160.351497,69322,"red king crab",2,141.7,NA,1,2,2,2,6,11.35,NA,NA,NA,NA,NA,NA,NA,NA
202301,"Vesteraalen",11,"V5",57.096769,-160.351497,69322,"red king crab",2,146.14,NA,1,3,2,2,6,11.35,NA,NA,NA,NA,NA,NA,NA,NA
202301,"Vesteraalen",12,"V6",56.931016,-160.365815,69322,"red king crab",1,102,NA,1,2,NA,NA,NA,1.07,NA,NA,NA,NA,NA,NA,NA,NA
202301,"Vesteraalen",12,"V6",56.931016,-160.365815,69322,"red king crab",1,78.56,NA,1,2,NA,NA,NA,1.07,NA,NA,NA,NA,NA,NA,NA,NA
202301,"Vesteraalen",12,"V6",56.931016,-160.365815,69322,"red king crab",2,132.17,NA,1,3,3,2,6,2.41,NA,NA,NA,NA,NA,NA,NA,NA
202301,"Vesteraalen",12,"V6",56.931016,-160.365815,69322,"red king crab",2,93.12,NA,1,2,2,1,5,2.41,NA,NA,NA,NA,NA,NA,NA,NA
202301,"Vesteraalen",13,"V7",56.765232,-160.380003,69322,"red king crab",2,118.77,NA,1,3,3,2,2,4.42,NA,NA,NA,NA,NA,NA,NA,NA
202301,"Vesteraalen",13,"V7",56.765232,-160.380003,69322,"red king crab",2,155.15,NA,1,3,3,2,6,4.42,NA,NA,NA,NA,NA,NA,NA,NA
202301,"Vesteraalen",13,"V7",56.765232,-160.380003,69322,"red king crab",1,155.44,NA,1,2,NA,NA,NA,5.12,NA,NA,NA,NA,NA,NA,NA,NA
202301,"Vesteraalen",13,"V7",56.765232,-160.380003,69322,"red king crab",1,105.33,NA,1,2,NA,NA,NA,5.12,NA,NA,NA,NA,NA,NA,NA,NA
202301,"Vesteraalen",13,"V7",56.765232,-160.380003,69322,"red king crab",1,156,NA,1,2,NA,NA,NA,5.12,NA,NA,NA,NA,NA,NA,NA,NA
202301,"Vesteraalen",14,"V8",56.599416,-160.394061,69322,"red king crab",2,105.74,NA,1,2,2,1,6,1.24,NA,NA,NA,NA,NA,NA,NA,NA
202301,"Vesteraalen",14,"V8",56.599416,-160.394061,69322,"red king crab",2,80.37,NA,1,2,0,0,1,1.24,NA,NA,NA,NA,NA,NA,NA,NA
202301,"Vesteraalen",24,"U1",57.77052,-160.760484,69322,"red king crab",2,84.41,NA,1,2,0,0,0,0.36,NA,NA,NA,NA,NA,NA,NA,NA
202301,"Vesteraalen",7,"U2",57.60483,-160.773163,69322,"red king crab",2,103.53,NA,1,2,3,1,5,1.04,NA,NA,NA,NA,NA,NA,NA,NA
202301,"Vesteraalen",6,"U3",57.439115,-160.785724,69322,"red king crab",1,140.6,NA,1,2,NA,NA,NA,2.4,NA,NA,NA,NA,NA,NA,NA,NA
202301,"Vesteraalen",6,"U3",57.439115,-160.785724,69322,"red king crab",2,98.77,NA,1,2,2,1,5,0.88,NA,NA,NA,NA,NA,NA,NA,NA
202301,"Vesteraalen",5,"U4",57.273372,-160.798169,69322,"red king crab",2,111.72,NA,1,3,3,2,5,1.01,NA,NA,NA,NA,NA,NA,NA,NA
202301,"Vesteraalen",5,"U4",57.273372,-160.798169,69322,"red king crab",1,118.88,NA,1,2,NA,NA,NA,1.45,NA,NA,NA,NA,NA,NA,NA,NA
202301,"Vesteraalen",4,"U5",57.1076,-160.810499,69322,"red king crab",2,104.49,NA,1,2,3,1,5,1.51,NA,NA,NA,NA,NA,NA,NA,NA
202301,"Vesteraalen",4,"U5",57.1076,-160.810499,69322,"red king crab",2,104.56,NA,1,2,3,1,4,1.51,NA,NA,NA,NA,NA,NA,NA,NA
202301,"Vesteraalen",2,"U7",56.775968,-160.834822,69322,"red king crab",2,98.66,NA,1,2,3,2,5,2.52,NA,NA,NA,NA,NA,NA,NA,NA
202301,"Vesteraalen",2,"U7",56.775968,-160.834822,69322,"red king crab",2,105.34,NA,1,2,2,1,4,2.52,NA,NA,NA,NA,NA,NA,NA,NA
202301,"Vesteraalen",2,"U7",56.775968,-160.834822,69322,"red king crab",2,98.67,NA,1,3,3,2,5,2.52,NA,NA,NA,NA,NA,NA,NA,NA
202301,"Vesteraalen",2,"U7",56.775968,-160.834822,69322,"red king crab",1,104.68,NA,1,2,NA,NA,NA,1.24,NA,NA,NA,NA,NA,NA,NA,NA
202301,"Vesteraalen",2,"U7",56.775968,-160.834822,69322,"red king crab",1,97.93,NA,1,2,NA,NA,NA,1.24,NA,NA,NA,NA,NA,NA,NA,NA
202301,"Vesteraalen",1,"U8",56.610105,-160.846817,69322,"red king crab",2,109.45,NA,1,2,3,2,5,1.15,NA,NA,NA,NA,NA,NA,NA,NA
202301,"Vesteraalen",27,"U9",56.444209,-160.858704,69322,"red king crab",2,97.66,NA,1,2,2,1,5,1.84,NA,NA,NA,NA,NA,NA,NA,NA
202301,"Vesteraalen",27,"U9",56.444209,-160.858704,69322,"red king crab",2,86.23,NA,1,2,0,0,0,1.84,NA,NA,NA,NA,NA,NA,NA,NA
202301,"Vesteraalen",27,"U9",56.444209,-160.858704,69322,"red king crab",2,100.12,NA,1,2,2,1,4,1.84,NA,NA,NA,NA,NA,NA,NA,NA
202301,"Vesteraalen",27,"U9",56.444209,-160.858704,69322,"red king crab",1,103.73,NA,1,2,NA,NA,NA,4.58,NA,NA,NA,NA,NA,NA,NA,NA
202301,"Vesteraalen",27,"U9",56.444209,-160.858704,69322,"red king crab",1,166,NA,1,1,NA,NA,NA,4.58,NA,NA,NA,NA,NA,NA,NA,NA
202301,"Vesteraalen",29,"U10",56.278279,-160.870484,69322,"red king crab",1,34.75,NA,1,2,NA,NA,NA,0.05,NA,NA,NA,NA,NA,NA,NA,NA
202301,"Vesteraalen",25,"T1",57.779796,-161.228357,69322,"red king crab",2,136.5,NA,1,3,2,2,6,1.77,NA,NA,NA,NA,NA,NA,NA,NA
202301,"Vesteraalen",26,"T2",57.614065,-161.238852,69322,"red king crab",1,109.3,NA,1,2,NA,NA,NA,6.81,NA,NA,NA,NA,NA,NA,NA,NA
202301,"Vesteraalen",26,"T2",57.614065,-161.238852,69322,"red king crab",1,140.38,NA,1,3,NA,NA,NA,6.81,NA,NA,NA,NA,NA,NA,NA,NA
202301,"Vesteraalen",26,"T2",57.614065,-161.238852,69322,"red king crab",1,164.4,NA,1,3,NA,NA,NA,6.81,NA,NA,NA,NA,NA,NA,NA,NA
202301,"Vesteraalen",26,"T2",57.614065,-161.238852,69322,"red king crab",2,29.32,NA,1,2,0,0,0,0.72,NA,NA,NA,NA,NA,NA,NA,NA
202301,"Vesteraalen",26,"T2",57.614065,-161.238852,69322,"red king crab",2,94.79,NA,1,3,3,2,6,0.72,NA,NA,NA,NA,NA,NA,NA,NA
202301,"Vesteraalen",39,"T3",57.448308,-161.24925,69322,"red king crab",1,104.81,NA,1,2,NA,NA,NA,61.09,NA,NA,NA,NA,NA,NA,NA,NA
202301,"Vesteraalen",39,"T3",57.448308,-161.24925,69322,"red king crab",1,97.51,NA,1,2,NA,NA,NA,61.09,NA,NA,NA,NA,NA,NA,NA,NA
202301,"Vesteraalen",39,"T3",57.448308,-161.24925,69322,"red king crab",1,87.14,NA,1,2,NA,NA,NA,61.09,NA,NA,NA,NA,NA,NA,NA,NA
202301,"Vesteraalen",39,"T3",57.448308,-161.24925,69322,"red king crab",1,139.48,NA,1,2,NA,NA,NA,61.09,NA,NA,NA,NA,NA,NA,NA,NA
202301,"Vesteraalen",39,"T3",57.448308,-161.24925,69322,"red king crab",1,99.04,NA,1,2,NA,NA,NA,61.09,NA,NA,NA,NA,NA,NA,NA,NA
202301,"Vesteraalen",39,"T3",57.448308,-161.24925,69322,"red king crab",1,138.47,NA,1,2,NA,NA,NA,61.09,NA,NA,NA,NA,NA,NA,NA,NA
202301,"Vesteraalen",39,"T3",57.448308,-161.24925,69322,"red king crab",1,107.31,NA,1,1,NA,NA,NA,61.09,NA,NA,NA,NA,NA,NA,NA,NA
202301,"Vesteraalen",39,"T3",57.448308,-161.24925,69322,"red king crab",1,110.61,NA,1,2,NA,NA,NA,61.09,NA,NA,NA,NA,NA,NA,NA,NA
202301,"Vesteraalen",39,"T3",57.448308,-161.24925,69322,"red king crab",1,94.82,NA,1,2,NA,NA,NA,61.09,NA,NA,NA,NA,NA,NA,NA,NA
202301,"Vesteraalen",39,"T3",57.448308,-161.24925,69322,"red king crab",1,97.34,NA,1,2,NA,NA,NA,61.09,NA,NA,NA,NA,NA,NA,NA,NA
202301,"Vesteraalen",39,"T3",57.448308,-161.24925,69322,"red king crab",1,115.59,NA,1,2,NA,NA,NA,61.09,NA,NA,NA,NA,NA,NA,NA,NA
202301,"Vesteraalen",39,"T3",57.448308,-161.24925,69322,"red king crab",1,91.02,NA,1,2,NA,NA,NA,61.09,NA,NA,NA,NA,NA,NA,NA,NA
202301,"Vesteraalen",39,"T3",57.448308,-161.24925,69322,"red king crab",1,95.34,NA,1,2,NA,NA,NA,61.09,NA,NA,NA,NA,NA,NA,NA,NA
202301,"Vesteraalen",39,"T3",57.448308,-161.24925,69322,"red king crab",1,88.55,NA,1,2,NA,NA,NA,61.09,NA,NA,NA,NA,NA,NA,NA,NA
202301,"Vesteraalen",39,"T3",57.448308,-161.24925,69322,"red king crab",1,120.95,NA,1,2,NA,NA,NA,61.09,NA,NA,NA,NA,NA,NA,NA,NA
202301,"Vesteraalen",39,"T3",57.448308,-161.24925,69322,"red king crab",1,143.53,NA,1,2,NA,NA,NA,61.09,NA,NA,NA,NA,NA,NA,NA,NA
202301,"Vesteraalen",39,"T3",57.448308,-161.24925,69322,"red king crab",1,129.86,NA,1,2,NA,NA,NA,61.09,NA,NA,NA,NA,NA,NA,NA,NA
202301,"Vesteraalen",39,"T3",57.448308,-161.24925,69322,"red king crab",1,109.03,NA,1,2,NA,NA,NA,61.09,NA,NA,NA,NA,NA,NA,NA,NA
202301,"Vesteraalen",39,"T3",57.448308,-161.24925,69322,"red king crab",1,77.97,NA,1,2,NA,NA,NA,61.09,NA,NA,NA,NA,NA,NA,NA,NA
202301,"Vesteraalen",39,"T3",57.448308,-161.24925,69322,"red king crab",1,113.96,NA,1,2,NA,NA,NA,61.09,NA,NA,NA,NA,NA,NA,NA,NA
202301,"Vesteraalen",39,"T3",57.448308,-161.24925,69322,"red king crab",1,94.05,NA,1,2,NA,NA,NA,61.09,NA,NA,NA,NA,NA,NA,NA,NA
202301,"Vesteraalen",39,"T3",57.448308,-161.24925,69322,"red king crab",1,96.06,NA,1,2,NA,NA,NA,61.09,NA,NA,NA,NA,NA,NA,NA,NA
202301,"Vesteraalen",39,"T3",57.448308,-161.24925,69322,"red king crab",1,115.32,NA,1,2,NA,NA,NA,61.09,NA,NA,NA,NA,NA,NA,NA,NA
202301,"Vesteraalen",39,"T3",57.448308,-161.24925,69322,"red king crab",1,83.35,NA,1,2,NA,NA,NA,61.09,NA,NA,NA,NA,NA,NA,NA,NA
202301,"Vesteraalen",39,"T3",57.448308,-161.24925,69322,"red king crab",1,98.88,NA,1,2,NA,NA,NA,61.09,NA,NA,NA,NA,NA,NA,NA,NA
202301,"Vesteraalen",39,"T3",57.448308,-161.24925,69322,"red king crab",1,111.39,NA,1,2,NA,NA,NA,61.09,NA,NA,NA,NA,NA,NA,NA,NA
202301,"Vesteraalen",39,"T3",57.448308,-161.24925,69322,"red king crab",1,92.75,NA,1,2,NA,NA,NA,61.09,NA,NA,NA,NA,NA,NA,NA,NA
202301,"Vesteraalen",39,"T3",57.448308,-161.24925,69322,"red king crab",1,103.1,NA,1,2,NA,NA,NA,61.09,NA,NA,NA,NA,NA,NA,NA,NA
202301,"Vesteraalen",39,"T3",57.448308,-161.24925,69322,"red king crab",1,116.18,NA,1,2,NA,NA,NA,61.09,NA,NA,NA,NA,NA,NA,NA,NA
202301,"Vesteraalen",39,"T3",57.448308,-161.24925,69322,"red king crab",1,121.71,NA,1,2,NA,NA,NA,61.09,NA,NA,NA,NA,NA,NA,NA,NA
202301,"Vesteraalen",39,"T3",57.448308,-161.24925,69322,"red king crab",1,102.08,NA,1,2,NA,NA,NA,61.09,NA,NA,NA,NA,NA,NA,NA,NA
202301,"Vesteraalen",39,"T3",57.448308,-161.24925,69322,"red king crab",1,102.44,NA,1,2,NA,NA,NA,61.09,NA,NA,NA,NA,NA,NA,NA,NA
202301,"Vesteraalen",39,"T3",57.448308,-161.24925,69322,"red king crab",1,106.52,NA,1,2,NA,NA,NA,61.09,NA,NA,NA,NA,NA,NA,NA,NA
202301,"Vesteraalen",39,"T3",57.448308,-161.24925,69322,"red king crab",1,118.59,NA,1,2,NA,NA,NA,61.09,NA,NA,NA,NA,NA,NA,NA,NA
202301,"Vesteraalen",39,"T3",57.448308,-161.24925,69322,"red king crab",1,98.49,NA,1,2,NA,NA,NA,61.09,NA,NA,NA,NA,NA,NA,NA,NA
202301,"Vesteraalen",39,"T3",57.448308,-161.24925,69322,"red king crab",1,123.73,NA,1,2,NA,NA,NA,61.09,NA,NA,NA,NA,NA,NA,NA,NA
202301,"Vesteraalen",39,"T3",57.448308,-161.24925,69322,"red king crab",1,145.99,NA,1,2,NA,NA,NA,61.09,NA,NA,NA,NA,NA,NA,NA,NA
202301,"Vesteraalen",39,"T3",57.448308,-161.24925,69322,"red king crab",1,107.69,NA,1,2,NA,NA,NA,61.09,NA,NA,NA,NA,NA,NA,NA,NA
202301,"Vesteraalen",39,"T3",57.448308,-161.24925,69322,"red king crab",1,126.02,NA,1,2,NA,NA,NA,61.09,NA,NA,NA,NA,NA,NA,NA,NA
202301,"Vesteraalen",39,"T3",57.448308,-161.24925,69322,"red king crab",1,105.7,NA,1,2,NA,NA,NA,61.09,NA,NA,NA,NA,NA,NA,NA,NA
202301,"Vesteraalen",39,"T3",57.448308,-161.24925,69322,"red king crab",1,103.65,NA,1,2,NA,NA,NA,61.09,NA,NA,NA,NA,NA,NA,NA,NA
202301,"Vesteraalen",39,"T3",57.448308,-161.24925,69322,"red king crab",1,88.69,NA,1,2,NA,NA,NA,61.09,NA,NA,NA,NA,NA,NA,NA,NA
202301,"Vesteraalen",39,"T3",57.448308,-161.24925,69322,"red king crab",1,84.62,NA,1,2,NA,NA,NA,61.09,NA,NA,NA,NA,NA,NA,NA,NA
202301,"Vesteraalen",39,"T3",57.448308,-161.24925,69322,"red king crab",1,117.43,NA,1,2,NA,NA,NA,61.09,NA,NA,NA,NA,NA,NA,NA,NA
202301,"Vesteraalen",39,"T3",57.448308,-161.24925,69322,"red king crab",1,104.88,NA,1,2,NA,NA,NA,61.09,NA,NA,NA,NA,NA,NA,NA,NA
202301,"Vesteraalen",39,"T3",57.448308,-161.24925,69322,"red king crab",1,175.08,NA,1,2,NA,NA,NA,61.09,NA,NA,NA,NA,NA,NA,NA,NA
202301,"Vesteraalen",39,"T3",57.448308,-161.24925,69322,"red king crab",1,127.35,NA,1,2,NA,NA,NA,61.09,NA,NA,NA,NA,NA,NA,NA,NA
202301,"Vesteraalen",39,"T3",57.448308,-161.24925,69322,"red king crab",1,95.51,NA,1,2,NA,NA,NA,61.09,NA,NA,NA,NA,NA,NA,NA,NA
202301,"Vesteraalen",39,"T3",57.448308,-161.24925,69322,"red king crab",1,108.27,NA,1,2,NA,NA,NA,61.09,NA,NA,NA,NA,NA,NA,NA,NA
202301,"Vesteraalen",39,"T3",57.448308,-161.24925,69322,"red king crab",1,119.81,NA,1,2,NA,NA,NA,61.09,NA,NA,NA,NA,NA,NA,NA,NA
202301,"Vesteraalen",39,"T3",57.448308,-161.24925,69322,"red king crab",1,97.76,NA,1,2,NA,NA,NA,61.09,NA,NA,NA,NA,NA,NA,NA,NA
202301,"Vesteraalen",39,"T3",57.448308,-161.24925,69322,"red king crab",1,93.9,NA,1,2,NA,NA,NA,61.09,NA,NA,NA,NA,NA,NA,NA,NA
202301,"Vesteraalen",39,"T3",57.448308,-161.24925,69322,"red king crab",1,139.25,NA,1,2,NA,NA,NA,61.09,NA,NA,NA,NA,NA,NA,NA,NA
202301,"Vesteraalen",39,"T3",57.448308,-161.24925,69322,"red king crab",1,92.27,NA,1,2,NA,NA,NA,61.09,NA,NA,NA,NA,NA,NA,NA,NA
202301,"Vesteraalen",39,"T3",57.448308,-161.24925,69322,"red king crab",1,113.98,NA,1,2,NA,NA,NA,61.09,NA,NA,NA,NA,NA,NA,NA,NA
202301,"Vesteraalen",39,"T3",57.448308,-161.24925,69322,"red king crab",1,99.82,NA,1,2,NA,NA,NA,61.09,NA,NA,NA,NA,NA,NA,NA,NA
202301,"Vesteraalen",39,"T3",57.448308,-161.24925,69322,"red king crab",1,88.05,NA,1,2,NA,NA,NA,61.09,NA,NA,NA,NA,NA,NA,NA,NA
202301,"Vesteraalen",39,"T3",57.448308,-161.24925,69322,"red king crab",1,115.84,NA,1,1,NA,NA,NA,61.09,NA,NA,NA,NA,NA,NA,NA,NA
202301,"Vesteraalen",39,"T3",57.448308,-161.24925,69322,"red king crab",1,140.68,NA,1,2,NA,NA,NA,61.09,NA,NA,NA,NA,NA,NA,NA,NA
202301,"Vesteraalen",39,"T3",57.448308,-161.24925,69322,"red king crab",1,86.42,NA,1,2,NA,NA,NA,61.09,NA,NA,NA,NA,NA,NA,NA,NA
202301,"Vesteraalen",39,"T3",57.448308,-161.24925,69322,"red king crab",1,106.8,NA,1,2,NA,NA,NA,61.09,NA,NA,NA,NA,NA,NA,NA,NA
202301,"Vesteraalen",39,"T3",57.448308,-161.24925,69322,"red king crab",1,94.81,NA,1,2,NA,NA,NA,61.09,NA,NA,NA,NA,NA,NA,NA,NA
202301,"Vesteraalen",39,"T3",57.448308,-161.24925,69322,"red king crab",1,134.6,NA,1,1,NA,NA,NA,61.09,NA,NA,NA,NA,NA,NA,NA,NA
202301,"Vesteraalen",39,"T3",57.448308,-161.24925,69322,"red king crab",1,163.73,NA,1,2,NA,NA,NA,61.09,NA,NA,NA,NA,NA,NA,NA,NA
202301,"Vesteraalen",39,"T3",57.448308,-161.24925,69322,"red king crab",1,138.68,NA,1,2,NA,NA,NA,61.09,NA,NA,NA,NA,NA,NA,NA,NA
202301,"Vesteraalen",39,"T3",57.448308,-161.24925,69322,"red king crab",1,107.59,NA,1,2,NA,NA,NA,61.09,NA,NA,NA,NA,NA,NA,NA,NA
202301,"Vesteraalen",39,"T3",57.448308,-161.24925,69322,"red king crab",1,105.6,NA,1,2,NA,NA,NA,61.09,NA,NA,NA,NA,NA,NA,NA,NA
202301,"Vesteraalen",39,"T3",57.448308,-161.24925,69322,"red king crab",1,88.22,NA,1,2,NA,NA,NA,61.09,NA,NA,NA,NA,NA,NA,NA,NA
202301,"Vesteraalen",39,"T3",57.448308,-161.24925,69322,"red king crab",1,107.3,NA,1,2,NA,NA,NA,61.09,NA,NA,NA,NA,NA,NA,NA,NA
202301,"Vesteraalen",39,"T3",57.448308,-161.24925,69322,"red king crab",1,121.5,NA,1,2,NA,NA,NA,61.09,NA,NA,NA,NA,NA,NA,NA,NA
202301,"Vesteraalen",39,"T3",57.448308,-161.24925,69322,"red king crab",1,105.02,NA,1,2,NA,NA,NA,61.09,NA,NA,NA,NA,NA,NA,NA,NA
202301,"Vesteraalen",39,"T3",57.448308,-161.24925,69322,"red king crab",1,91.18,NA,1,2,NA,NA,NA,61.09,NA,NA,NA,NA,NA,NA,NA,NA
202301,"Vesteraalen",39,"T3",57.448308,-161.24925,69322,"red king crab",1,112.25,NA,1,2,NA,NA,NA,61.09,NA,NA,NA,NA,NA,NA,NA,NA
202301,"Vesteraalen",39,"T3",57.448308,-161.24925,69322,"red king crab",1,111.84,NA,1,2,NA,NA,NA,61.09,NA,NA,NA,NA,NA,NA,NA,NA
202301,"Vesteraalen",39,"T3",57.448308,-161.24925,69322,"red king crab",1,112.49,NA,1,2,NA,NA,NA,61.09,NA,NA,NA,NA,NA,NA,NA,NA
202301,"Vesteraalen",39,"T3",57.448308,-161.24925,69322,"red king crab",1,81.97,NA,1,2,NA,NA,NA,61.09,NA,NA,NA,NA,NA,NA,NA,NA
202301,"Vesteraalen",39,"T3",57.448308,-161.24925,69322,"red king crab",2,99.98,NA,1,2,2,1,6,12.34,NA,NA,NA,NA,NA,NA,NA,NA
202301,"Vesteraalen",39,"T3",57.448308,-161.24925,69322,"red king crab",2,103.64,NA,1,2,2,1,5,12.34,NA,NA,NA,NA,NA,NA,NA,NA
202301,"Vesteraalen",39,"T3",57.448308,-161.24925,69322,"red king crab",2,110.83,NA,1,2,2,1,6,12.34,NA,NA,NA,NA,NA,NA,NA,NA
202301,"Vesteraalen",39,"T3",57.448308,-161.24925,69322,"red king crab",2,96.02,NA,1,2,2,1,5,12.34,NA,NA,NA,NA,NA,NA,NA,NA
202301,"Vesteraalen",39,"T3",57.448308,-161.24925,69322,"red king crab",2,90.82,NA,1,2,2,1,5,12.34,NA,NA,NA,NA,NA,NA,NA,NA
202301,"Vesteraalen",39,"T3",57.448308,-161.24925,69322,"red king crab",2,96.56,NA,1,2,2,1,5,12.34,NA,NA,NA,NA,NA,NA,NA,NA
202301,"Vesteraalen",39,"T3",57.448308,-161.24925,69322,"red king crab",2,96.32,NA,1,2,3,2,5,12.34,NA,NA,NA,NA,NA,NA,NA,NA
202301,"Vesteraalen",39,"T3",57.448308,-161.24925,69322,"red king crab",2,88.46,NA,1,2,0,0,0,12.34,NA,NA,NA,NA,NA,NA,NA,NA
202301,"Vesteraalen",39,"T3",57.448308,-161.24925,69322,"red king crab",2,91.75,NA,1,2,0,0,0,12.34,NA,NA,NA,NA,NA,NA,NA,NA
202301,"Vesteraalen",39,"T3",57.448308,-161.24925,69322,"red king crab",2,89.89,NA,1,2,0,0,0,12.34,NA,NA,NA,NA,NA,NA,NA,NA
202301,"Vesteraalen",39,"T3",57.448308,-161.24925,69322,"red king crab",2,85.44,NA,1,2,0,0,0,12.34,NA,NA,NA,NA,NA,NA,NA,NA
202301,"Vesteraalen",39,"T3",57.448308,-161.24925,69322,"red king crab",2,101.19,NA,1,2,2,1,5,12.34,NA,NA,NA,NA,NA,NA,NA,NA
202301,"Vesteraalen",39,"T3",57.448308,-161.24925,69322,"red king crab",2,103.08,NA,1,2,2,1,5,12.34,NA,NA,NA,NA,NA,NA,NA,NA
202301,"Vesteraalen",39,"T3",57.448308,-161.24925,69322,"red king crab",2,94.13,NA,1,2,3,2,6,12.34,NA,NA,NA,NA,NA,NA,NA,NA
202301,"Vesteraalen",39,"T3",57.448308,-161.24925,69322,"red king crab",2,102.4,NA,1,2,2,1,6,12.34,NA,NA,NA,NA,NA,NA,NA,NA
202301,"Vesteraalen",39,"T3",57.448308,-161.24925,69322,"red king crab",2,87.9,NA,1,2,0,0,0,12.34,NA,NA,NA,NA,NA,NA,NA,NA
202301,"Vesteraalen",39,"T3",57.448308,-161.24925,69322,"red king crab",2,89.83,NA,1,2,0,0,0,12.34,NA,NA,NA,NA,NA,NA,NA,NA
202301,"Vesteraalen",39,"T3",57.448308,-161.24925,69322,"red king crab",2,93.67,NA,1,2,0,0,0,12.34,NA,NA,NA,NA,NA,NA,NA,NA
202301,"Vesteraalen",39,"T3",57.448308,-161.24925,69322,"red king crab",2,84.96,NA,1,2,0,0,0,12.34,NA,NA,NA,NA,NA,NA,NA,NA
202301,"Vesteraalen",39,"T3",57.448308,-161.24925,69322,"red king crab",2,93.19,NA,1,2,0,0,0,12.34,NA,NA,NA,NA,NA,NA,NA,NA
202301,"Vesteraalen",39,"T3",57.448308,-161.24925,69322,"red king crab",2,87.85,NA,1,2,0,0,0,12.34,NA,NA,NA,NA,NA,NA,NA,NA
202301,"Vesteraalen",39,"T3",57.448308,-161.24925,69322,"red king crab",2,89.01,NA,1,2,0,0,0,12.34,NA,NA,NA,NA,NA,NA,NA,NA
202301,"Vesteraalen",38,"T4",57.282524,-161.259551,69322,"red king crab",1,115.13,NA,1,2,NA,NA,NA,20.02,NA,NA,NA,NA,NA,NA,NA,NA
202301,"Vesteraalen",38,"T4",57.282524,-161.259551,69322,"red king crab",1,139.78,NA,1,2,NA,NA,NA,20.02,NA,NA,NA,NA,NA,NA,NA,NA
202301,"Vesteraalen",38,"T4",57.282524,-161.259551,69322,"red king crab",1,151.4,NA,1,3,NA,NA,NA,20.02,NA,NA,NA,NA,NA,NA,NA,NA
202301,"Vesteraalen",38,"T4",57.282524,-161.259551,69322,"red king crab",1,179.38,NA,1,3,NA,NA,NA,20.02,NA,NA,NA,NA,NA,NA,NA,NA
202301,"Vesteraalen",38,"T4",57.282524,-161.259551,69322,"red king crab",1,155.04,NA,1,4,NA,NA,NA,20.02,NA,NA,NA,NA,NA,NA,NA,NA
202301,"Vesteraalen",38,"T4",57.282524,-161.259551,69322,"red king crab",1,166.05,NA,1,1,NA,NA,NA,20.02,NA,NA,NA,NA,NA,NA,NA,NA
202301,"Vesteraalen",38,"T4",57.282524,-161.259551,69322,"red king crab",1,102.83,NA,1,2,NA,NA,NA,20.02,NA,NA,NA,NA,NA,NA,NA,NA
202301,"Vesteraalen",38,"T4",57.282524,-161.259551,69322,"red king crab",1,110.98,NA,1,2,NA,NA,NA,20.02,NA,NA,NA,NA,NA,NA,NA,NA
202301,"Vesteraalen",38,"T4",57.282524,-161.259551,69322,"red king crab",2,97.6,NA,1,3,3,2,6,4.95,NA,NA,NA,NA,NA,NA,NA,NA
202301,"Vesteraalen",38,"T4",57.282524,-161.259551,69322,"red king crab",2,136.34,NA,1,3,3,2,6,4.95,NA,NA,NA,NA,NA,NA,NA,NA
202301,"Vesteraalen",38,"T4",57.282524,-161.259551,69322,"red king crab",2,114.86,NA,1,3,3,2,6,4.95,NA,NA,NA,NA,NA,NA,NA,NA
202301,"Vesteraalen",38,"T4",57.282524,-161.259551,69322,"red king crab",2,100.92,NA,1,2,3,2,6,4.95,NA,NA,NA,NA,NA,NA,NA,NA
202301,"Vesteraalen",37,"T5",57.116712,-161.269757,69322,"red king crab",1,115.24,NA,1,2,NA,NA,NA,1.25,NA,NA,NA,NA,NA,NA,NA,NA
202301,"Vesteraalen",37,"T5",57.116712,-161.269757,69322,"red king crab",2,159.53,NA,1,3,2,2,6,2.95,NA,NA,NA,NA,NA,NA,NA,NA
202301,"Vesteraalen",35,"T7",56.784999,-161.289889,69322,"red king crab",2,118.23,NA,1,3,2,2,6,6.38,NA,NA,NA,NA,NA,NA,NA,NA
202301,"Vesteraalen",35,"T7",56.784999,-161.289889,69322,"red king crab",2,128.5,NA,1,3,3,2,6,6.38,NA,NA,NA,NA,NA,NA,NA,NA
202301,"Vesteraalen",35,"T7",56.784999,-161.289889,69322,"red king crab",2,113.93,NA,1,3,2,2,6,6.38,NA,NA,NA,NA,NA,NA,NA,NA
202301,"Vesteraalen",35,"T7",56.784999,-161.289889,69322,"red king crab",2,132.4,NA,1,3,2,2,6,6.38,NA,NA,NA,NA,NA,NA,NA,NA
202301,"Vesteraalen",34,"T8",56.619097,-161.299817,69322,"red king crab",1,112.46,NA,1,2,NA,NA,NA,1.15,NA,NA,NA,NA,NA,NA,NA,NA
202301,"Vesteraalen",34,"T8",56.619097,-161.299817,69322,"red king crab",2,103.8,NA,1,2,2,1,5,2.53,NA,NA,NA,NA,NA,NA,NA,NA
202301,"Vesteraalen",34,"T8",56.619097,-161.299817,69322,"red king crab",2,123.17,NA,1,3,2,2,6,2.53,NA,NA,NA,NA,NA,NA,NA,NA
202301,"Vesteraalen",33,"T9",56.453162,-161.309656,69322,"red king crab",1,156.49,NA,1,2,NA,NA,NA,14.33,NA,NA,NA,NA,NA,NA,NA,NA
202301,"Vesteraalen",33,"T9",56.453162,-161.309656,69322,"red king crab",1,145.61,NA,1,2,NA,NA,NA,14.33,NA,NA,NA,NA,NA,NA,NA,NA
202301,"Vesteraalen",33,"T9",56.453162,-161.309656,69322,"red king crab",1,151.11,NA,1,2,NA,NA,NA,14.33,NA,NA,NA,NA,NA,NA,NA,NA
202301,"Vesteraalen",33,"T9",56.453162,-161.309656,69322,"red king crab",1,138.33,NA,1,2,NA,NA,NA,14.33,NA,NA,NA,NA,NA,NA,NA,NA
202301,"Vesteraalen",33,"T9",56.453162,-161.309656,69322,"red king crab",1,153.78,NA,1,2,NA,NA,NA,14.33,NA,NA,NA,NA,NA,NA,NA,NA
202301,"Vesteraalen",33,"T9",56.453162,-161.309656,69322,"red king crab",1,100.11,NA,1,2,NA,NA,NA,14.33,NA,NA,NA,NA,NA,NA,NA,NA
202301,"Vesteraalen",33,"T9",56.453162,-161.309656,69322,"red king crab",2,127.62,NA,1,3,3,2,6,4.83,NA,NA,NA,NA,NA,NA,NA,NA
202301,"Vesteraalen",33,"T9",56.453162,-161.309656,69322,"red king crab",2,147.87,NA,1,3,3,2,6,4.83,NA,NA,NA,NA,NA,NA,NA,NA
202301,"Vesteraalen",33,"T9",56.453162,-161.309656,69322,"red king crab",2,103.49,NA,1,2,2,1,5,4.83,NA,NA,NA,NA,NA,NA,NA,NA
202301,"Vesteraalen",51,"S1",57.787321,-161.696454,69322,"red king crab",1,147.71,NA,1,2,NA,NA,NA,5.15,NA,NA,NA,NA,NA,NA,NA,NA
202301,"Vesteraalen",51,"S1",57.787321,-161.696454,69322,"red king crab",1,107.16,NA,1,2,NA,NA,NA,5.15,NA,NA,NA,NA,NA,NA,NA,NA
202301,"Vesteraalen",51,"S1",57.787321,-161.696454,69322,"red king crab",1,139.88,NA,1,3,NA,NA,NA,5.15,NA,NA,NA,NA,NA,NA,NA,NA
202301,"Vesteraalen",49,"S3",57.455765,-161.712992,69322,"red king crab",1,158.06,NA,1,3,NA,NA,NA,3.39,NA,NA,NA,NA,NA,NA,NA,NA
202301,"Vesteraalen",48,"S4",57.289948,-161.721146,69322,"red king crab",1,134.78,NA,1,2,NA,NA,NA,3.73,NA,NA,NA,NA,NA,NA,NA,NA
202301,"Vesteraalen",48,"S4",57.289948,-161.721146,69322,"red king crab",1,109.94,NA,1,2,NA,NA,NA,3.73,NA,NA,NA,NA,NA,NA,NA,NA
202301,"Vesteraalen",48,"S4",57.289948,-161.721146,69322,"red king crab",1,113.54,NA,1,2,NA,NA,NA,3.73,NA,NA,NA,NA,NA,NA,NA,NA
202301,"Vesteraalen",47,"S5",57.124102,-161.729225,69322,"red king crab",1,126.19,NA,1,2,NA,NA,NA,13.25,NA,NA,NA,NA,NA,NA,NA,NA
202301,"Vesteraalen",47,"S5",57.124102,-161.729225,69322,"red king crab",1,134.8,NA,1,2,NA,NA,NA,13.25,NA,NA,NA,NA,NA,NA,NA,NA
202301,"Vesteraalen",47,"S5",57.124102,-161.729225,69322,"red king crab",1,120.79,NA,1,2,NA,NA,NA,13.25,NA,NA,NA,NA,NA,NA,NA,NA
202301,"Vesteraalen",47,"S5",57.124102,-161.729225,69322,"red king crab",1,119.94,NA,1,2,NA,NA,NA,13.25,NA,NA,NA,NA,NA,NA,NA,NA
202301,"Vesteraalen",47,"S5",57.124102,-161.729225,69322,"red king crab",1,117.55,NA,1,2,NA,NA,NA,13.25,NA,NA,NA,NA,NA,NA,NA,NA
202301,"Vesteraalen",47,"S5",57.124102,-161.729225,69322,"red king crab",1,108.52,NA,1,2,NA,NA,NA,13.25,NA,NA,NA,NA,NA,NA,NA,NA
202301,"Vesteraalen",47,"S5",57.124102,-161.729225,69322,"red king crab",1,152.39,NA,1,2,NA,NA,NA,13.25,NA,NA,NA,NA,NA,NA,NA,NA
202301,"Vesteraalen",47,"S5",57.124102,-161.729225,69322,"red king crab",1,111.71,NA,1,2,NA,NA,NA,13.25,NA,NA,NA,NA,NA,NA,NA,NA
202301,"Vesteraalen",47,"S5",57.124102,-161.729225,69322,"red king crab",1,130,NA,1,2,NA,NA,NA,13.25,NA,NA,NA,NA,NA,NA,NA,NA
202301,"Vesteraalen",47,"S5",57.124102,-161.729225,69322,"red king crab",1,110.93,NA,1,2,NA,NA,NA,13.25,NA,NA,NA,NA,NA,NA,NA,NA
202301,"Vesteraalen",47,"S5",57.124102,-161.729225,69322,"red king crab",2,106.16,NA,1,2,3,2,6,2.4,NA,NA,NA,NA,NA,NA,NA,NA
202301,"Vesteraalen",47,"S5",57.124102,-161.729225,69322,"red king crab",2,102.04,NA,1,2,3,2,6,2.4,NA,NA,NA,NA,NA,NA,NA,NA
202301,"Vesteraalen",47,"S5",57.124102,-161.729225,69322,"red king crab",2,97.34,NA,1,2,3,2,6,2.4,NA,NA,NA,NA,NA,NA,NA,NA
202301,"Vesteraalen",46,"S6",56.958229,-161.737229,69322,"red king crab",2,136.28,NA,1,3,3,2,6,6.97,NA,NA,NA,NA,NA,NA,NA,NA
202301,"Vesteraalen",46,"S6",56.958229,-161.737229,69322,"red king crab",2,100.82,NA,1,2,2,1,6,6.97,NA,NA,NA,NA,NA,NA,NA,NA
202301,"Vesteraalen",46,"S6",56.958229,-161.737229,69322,"red king crab",2,146.65,NA,1,3,2,2,6,6.97,NA,NA,NA,NA,NA,NA,NA,NA
202301,"Vesteraalen",46,"S6",56.958229,-161.737229,69322,"red king crab",2,97.38,NA,1,3,2,2,6,6.97,NA,NA,NA,NA,NA,NA,NA,NA
202301,"Vesteraalen",46,"S6",56.958229,-161.737229,69322,"red king crab",2,98.49,NA,1,2,3,2,6,6.97,NA,NA,NA,NA,NA,NA,NA,NA
202301,"Vesteraalen",46,"S6",56.958229,-161.737229,69322,"red king crab",2,96.26,NA,1,2,2,1,6,6.97,NA,NA,NA,NA,NA,NA,NA,NA
202301,"Vesteraalen",46,"S6",56.958229,-161.737229,69322,"red king crab",2,107.04,NA,1,2,2,1,6,6.97,NA,NA,NA,NA,NA,NA,NA,NA
202301,"Vesteraalen",46,"S6",56.958229,-161.737229,69322,"red king crab",1,100.58,NA,1,2,NA,NA,NA,8.04,NA,NA,NA,NA,NA,NA,NA,NA
202301,"Vesteraalen",46,"S6",56.958229,-161.737229,69322,"red king crab",1,123.32,NA,1,2,NA,NA,NA,8.04,NA,NA,NA,NA,NA,NA,NA,NA
202301,"Vesteraalen",46,"S6",56.958229,-161.737229,69322,"red king crab",1,102.81,NA,1,2,NA,NA,NA,8.04,NA,NA,NA,NA,NA,NA,NA,NA
202301,"Vesteraalen",46,"S6",56.958229,-161.737229,69322,"red king crab",1,96.72,NA,1,2,NA,NA,NA,8.04,NA,NA,NA,NA,NA,NA,NA,NA
202301,"Vesteraalen",46,"S6",56.958229,-161.737229,69322,"red king crab",1,182.05,NA,1,3,NA,NA,NA,8.04,NA,NA,NA,NA,NA,NA,NA,NA
202301,"Vesteraalen",45,"S7",56.792325,-161.745161,69322,"red king crab",1,160.96,NA,1,2,NA,NA,NA,4.17,NA,NA,NA,NA,NA,NA,NA,NA
202301,"Vesteraalen",45,"S7",56.792325,-161.745161,69322,"red king crab",1,117.04,NA,1,2,NA,NA,NA,4.17,NA,NA,NA,NA,NA,NA,NA,NA
202301,"Vesteraalen",45,"S7",56.792325,-161.745161,69322,"red king crab",2,101.8,NA,1,2,2,1,6,0.75,NA,NA,NA,NA,NA,NA,NA,NA
202301,"Vesteraalen",44,"S8",56.62639,-161.75302,69322,"red king crab",1,144.94,NA,1,3,NA,NA,NA,3.54,NA,NA,NA,NA,NA,NA,NA,NA
202301,"Vesteraalen",44,"S8",56.62639,-161.75302,69322,"red king crab",1,104.04,NA,1,2,NA,NA,NA,3.54,NA,NA,NA,NA,NA,NA,NA,NA
202301,"Vesteraalen",44,"S8",56.62639,-161.75302,69322,"red king crab",2,93.73,NA,1,2,3,2,5,0.75,NA,NA,NA,NA,NA,NA,NA,NA
202301,"Vesteraalen",43,"S9",56.460424,-161.760808,69322,"red king crab",2,97.42,NA,1,2,2,1,6,3.04,NA,NA,NA,NA,NA,NA,NA,NA
202301,"Vesteraalen",43,"S9",56.460424,-161.760808,69322,"red king crab",2,99.88,NA,1,2,3,2,6,3.04,NA,NA,NA,NA,NA,NA,NA,NA
202301,"Vesteraalen",43,"S9",56.460424,-161.760808,69322,"red king crab",2,122.79,NA,1,2,2,1,6,3.04,NA,NA,NA,NA,NA,NA,NA,NA
202301,"Vesteraalen",43,"S9",56.460424,-161.760808,69322,"red king crab",1,116.44,NA,1,2,NA,NA,NA,5.21,NA,NA,NA,NA,NA,NA,NA,NA
202301,"Vesteraalen",43,"S9",56.460424,-161.760808,69322,"red king crab",1,108.3,NA,1,2,NA,NA,NA,5.21,NA,NA,NA,NA,NA,NA,NA,NA
202301,"Vesteraalen",43,"S9",56.460424,-161.760808,69322,"red king crab",1,124.63,NA,1,2,NA,NA,NA,5.21,NA,NA,NA,NA,NA,NA,NA,NA
202301,"Vesteraalen",43,"S9",56.460424,-161.760808,69322,"red king crab",1,132.04,NA,1,2,NA,NA,NA,5.21,NA,NA,NA,NA,NA,NA,NA,NA
202301,"Vesteraalen",42,"S10",56.294425,-161.768526,69322,"red king crab",2,119.32,NA,1,3,3,2,6,191.41,NA,NA,NA,NA,NA,NA,NA,NA
202301,"Vesteraalen",42,"S10",56.294425,-161.768526,69322,"red king crab",2,138.92,NA,1,3,3,2,6,191.41,NA,NA,NA,NA,NA,NA,NA,NA
202301,"Vesteraalen",42,"S10",56.294425,-161.768526,69322,"red king crab",2,99.37,NA,1,2,3,2,6,191.41,NA,NA,NA,NA,NA,NA,NA,NA
202301,"Vesteraalen",42,"S10",56.294425,-161.768526,69322,"red king crab",2,108.25,NA,1,2,3,2,6,191.41,NA,NA,NA,NA,NA,NA,NA,NA
202301,"Vesteraalen",42,"S10",56.294425,-161.768526,69322,"red king crab",2,107.16,NA,1,2,3,2,6,191.41,NA,NA,NA,NA,NA,NA,NA,NA
202301,"Vesteraalen",42,"S10",56.294425,-161.768526,69322,"red king crab",2,90.21,NA,1,2,3,2,6,191.41,NA,NA,NA,NA,NA,NA,NA,NA
202301,"Vesteraalen",42,"S10",56.294425,-161.768526,69322,"red king crab",2,99.76,NA,1,2,3,2,6,191.41,NA,NA,NA,NA,NA,NA,NA,NA
202301,"Vesteraalen",42,"S10",56.294425,-161.768526,69322,"red king crab",2,116.05,NA,1,2,3,2,6,191.41,NA,NA,NA,NA,NA,NA,NA,NA
202301,"Vesteraalen",42,"S10",56.294425,-161.768526,69322,"red king crab",2,111.27,NA,1,2,3,2,6,191.41,NA,NA,NA,NA,NA,NA,NA,NA
202301,"Vesteraalen",42,"S10",56.294425,-161.768526,69322,"red king crab",2,110.04,NA,1,2,3,2,6,191.41,NA,NA,NA,NA,NA,NA,NA,NA
202301,"Vesteraalen",42,"S10",56.294425,-161.768526,69322,"red king crab",2,113.3,NA,1,2,3,2,6,191.41,NA,NA,NA,NA,NA,NA,NA,NA
202301,"Vesteraalen",42,"S10",56.294425,-161.768526,69322,"red king crab",2,118.59,NA,1,2,3,2,6,191.41,NA,NA,NA,NA,NA,NA,NA,NA
202301,"Vesteraalen",42,"S10",56.294425,-161.768526,69322,"red king crab",2,129.29,NA,1,2,3,2,6,191.41,NA,NA,NA,NA,NA,NA,NA,NA
202301,"Vesteraalen",42,"S10",56.294425,-161.768526,69322,"red king crab",2,120.17,NA,1,2,3,2,6,191.41,NA,NA,NA,NA,NA,NA,NA,NA
202301,"Vesteraalen",42,"S10",56.294425,-161.768526,69322,"red king crab",2,105.77,NA,1,2,3,2,6,191.41,NA,NA,NA,NA,NA,NA,NA,NA
202301,"Vesteraalen",42,"S10",56.294425,-161.768526,69322,"red king crab",2,111.04,NA,1,2,3,2,6,191.41,NA,NA,NA,NA,NA,NA,NA,NA
202301,"Vesteraalen",42,"S10",56.294425,-161.768526,69322,"red king crab",2,101.18,NA,1,2,3,2,6,191.41,NA,NA,NA,NA,NA,NA,NA,NA
202301,"Vesteraalen",42,"S10",56.294425,-161.768526,69322,"red king crab",2,144.43,NA,1,2,3,2,6,191.41,NA,NA,NA,NA,NA,NA,NA,NA
202301,"Vesteraalen",42,"S10",56.294425,-161.768526,69322,"red king crab",2,125.39,NA,1,2,3,2,6,191.41,NA,NA,NA,NA,NA,NA,NA,NA
202301,"Vesteraalen",42,"S10",56.294425,-161.768526,69322,"red king crab",2,103.2,NA,1,2,3,2,6,191.41,NA,NA,NA,NA,NA,NA,NA,NA
202301,"Vesteraalen",42,"S10",56.294425,-161.768526,69322,"red king crab",2,122.04,NA,1,2,3,2,6,191.41,NA,NA,NA,NA,NA,NA,NA,NA
202301,"Vesteraalen",42,"S10",56.294425,-161.768526,69322,"red king crab",2,167.1,NA,1,3,3,2,6,191.41,NA,NA,NA,NA,NA,NA,NA,NA
202301,"Vesteraalen",42,"S10",56.294425,-161.768526,69322,"red king crab",2,103.15,NA,1,2,3,2,6,191.41,NA,NA,NA,NA,NA,NA,NA,NA
202301,"Vesteraalen",42,"S10",56.294425,-161.768526,69322,"red king crab",2,104.84,NA,1,2,3,2,6,191.41,NA,NA,NA,NA,NA,NA,NA,NA
202301,"Vesteraalen",42,"S10",56.294425,-161.768526,69322,"red king crab",2,109.66,NA,1,2,3,2,6,191.41,NA,NA,NA,NA,NA,NA,NA,NA
202301,"Vesteraalen",42,"S10",56.294425,-161.768526,69322,"red king crab",2,129.66,NA,1,2,3,2,6,191.41,NA,NA,NA,NA,NA,NA,NA,NA
202301,"Vesteraalen",42,"S10",56.294425,-161.768526,69322,"red king crab",2,101.06,NA,1,2,3,2,6,191.41,NA,NA,NA,NA,NA,NA,NA,NA
202301,"Vesteraalen",42,"S10",56.294425,-161.768526,69322,"red king crab",2,152.63,NA,1,2,3,2,6,191.41,NA,NA,NA,NA,NA,NA,NA,NA
202301,"Vesteraalen",42,"S10",56.294425,-161.768526,69322,"red king crab",2,102.33,NA,1,2,3,2,6,191.41,NA,NA,NA,NA,NA,NA,NA,NA
202301,"Vesteraalen",42,"S10",56.294425,-161.768526,69322,"red king crab",2,124.58,NA,1,2,3,2,6,191.41,NA,NA,NA,NA,NA,NA,NA,NA
202301,"Vesteraalen",42,"S10",56.294425,-161.768526,69322,"red king crab",2,134.5,NA,1,2,3,2,6,191.41,NA,NA,NA,NA,NA,NA,NA,NA
202301,"Vesteraalen",42,"S10",56.294425,-161.768526,69322,"red king crab",2,145.75,NA,1,2,3,2,6,191.41,NA,NA,NA,NA,NA,NA,NA,NA
202301,"Vesteraalen",42,"S10",56.294425,-161.768526,69322,"red king crab",2,112.24,NA,1,2,3,2,6,191.41,NA,NA,NA,NA,NA,NA,NA,NA
202301,"Vesteraalen",42,"S10",56.294425,-161.768526,69322,"red king crab",2,124.27,NA,1,2,3,2,6,191.41,NA,NA,NA,NA,NA,NA,NA,NA
202301,"Vesteraalen",42,"S10",56.294425,-161.768526,69322,"red king crab",2,103.06,NA,1,2,3,2,6,191.41,NA,NA,NA,NA,NA,NA,NA,NA
202301,"Vesteraalen",42,"S10",56.294425,-161.768526,69322,"red king crab",2,109.22,NA,1,2,3,2,6,191.41,NA,NA,NA,NA,NA,NA,NA,NA
202301,"Vesteraalen",42,"S10",56.294425,-161.768526,69322,"red king crab",2,111.04,NA,1,2,3,2,6,191.41,NA,NA,NA,NA,NA,NA,NA,NA
202301,"Vesteraalen",42,"S10",56.294425,-161.768526,69322,"red king crab",2,112.51,NA,1,2,3,2,6,191.41,NA,NA,NA,NA,NA,NA,NA,NA
202301,"Vesteraalen",42,"S10",56.294425,-161.768526,69322,"red king crab",2,109.25,NA,1,2,3,2,6,191.41,NA,NA,NA,NA,NA,NA,NA,NA
202301,"Vesteraalen",42,"S10",56.294425,-161.768526,69322,"red king crab",2,120.02,NA,1,2,3,2,6,191.41,NA,NA,NA,NA,NA,NA,NA,NA
202301,"Vesteraalen",42,"S10",56.294425,-161.768526,69322,"red king crab",2,109.75,NA,1,2,3,2,6,191.41,NA,NA,NA,NA,NA,NA,NA,NA
202301,"Vesteraalen",42,"S10",56.294425,-161.768526,69322,"red king crab",2,116.03,NA,1,2,3,2,6,191.41,NA,NA,NA,NA,NA,NA,NA,NA
202301,"Vesteraalen",42,"S10",56.294425,-161.768526,69322,"red king crab",2,122.68,NA,1,2,3,2,6,191.41,NA,NA,NA,NA,NA,NA,NA,NA
202301,"Vesteraalen",42,"S10",56.294425,-161.768526,69322,"red king crab",2,144.86,NA,1,2,3,2,6,191.41,NA,NA,NA,NA,NA,NA,NA,NA
202301,"Vesteraalen",42,"S10",56.294425,-161.768526,69322,"red king crab",2,108.29,NA,1,2,3,2,6,191.41,NA,NA,NA,NA,NA,NA,NA,NA
202301,"Vesteraalen",42,"S10",56.294425,-161.768526,69322,"red king crab",2,115.11,NA,1,2,3,2,6,191.41,NA,NA,NA,NA,NA,NA,NA,NA
202301,"Vesteraalen",42,"S10",56.294425,-161.768526,69322,"red king crab",2,118.83,NA,1,2,3,2,6,191.41,NA,NA,NA,NA,NA,NA,NA,NA
202301,"Vesteraalen",42,"S10",56.294425,-161.768526,69322,"red king crab",2,112.1,NA,1,2,3,2,6,191.41,NA,NA,NA,NA,NA,NA,NA,NA
202301,"Vesteraalen",42,"S10",56.294425,-161.768526,69322,"red king crab",2,115.82,NA,1,2,3,2,6,191.41,NA,NA,NA,NA,NA,NA,NA,NA
202301,"Vesteraalen",42,"S10",56.294425,-161.768526,69322,"red king crab",2,104.21,NA,1,2,3,2,5,191.41,NA,NA,NA,NA,NA,NA,NA,NA
202301,"Vesteraalen",42,"S10",56.294425,-161.768526,69322,"red king crab",2,110.56,NA,1,2,3,2,6,191.41,NA,NA,NA,NA,NA,NA,NA,NA
202301,"Vesteraalen",42,"S10",56.294425,-161.768526,69322,"red king crab",2,102.49,NA,1,2,3,2,6,191.41,NA,NA,NA,NA,NA,NA,NA,NA
202301,"Vesteraalen",42,"S10",56.294425,-161.768526,69322,"red king crab",2,152.96,NA,1,2,3,2,6,191.41,NA,NA,NA,NA,NA,NA,NA,NA
202301,"Vesteraalen",42,"S10",56.294425,-161.768526,69322,"red king crab",2,118.19,NA,1,2,3,2,6,191.41,NA,NA,NA,NA,NA,NA,NA,NA
202301,"Vesteraalen",42,"S10",56.294425,-161.768526,69322,"red king crab",2,116.06,NA,1,2,3,2,6,191.41,NA,NA,NA,NA,NA,NA,NA,NA
202301,"Vesteraalen",42,"S10",56.294425,-161.768526,69322,"red king crab",2,112.95,NA,1,2,3,2,6,191.41,NA,NA,NA,NA,NA,NA,NA,NA
202301,"Vesteraalen",42,"S10",56.294425,-161.768526,69322,"red king crab",2,114.28,NA,1,2,3,2,6,191.41,NA,NA,NA,NA,NA,NA,NA,NA
202301,"Vesteraalen",42,"S10",56.294425,-161.768526,69322,"red king crab",2,116.28,NA,1,2,3,2,6,191.41,NA,NA,NA,NA,NA,NA,NA,NA
202301,"Vesteraalen",42,"S10",56.294425,-161.768526,69322,"red king crab",2,98.74,NA,1,2,3,2,6,191.41,NA,NA,NA,NA,NA,NA,NA,NA
202301,"Vesteraalen",42,"S10",56.294425,-161.768526,69322,"red king crab",2,101.97,NA,1,2,3,2,6,191.41,NA,NA,NA,NA,NA,NA,NA,NA
202301,"Vesteraalen",42,"S10",56.294425,-161.768526,69322,"red king crab",2,128.01,NA,1,2,3,2,6,191.41,NA,NA,NA,NA,NA,NA,NA,NA
202301,"Vesteraalen",42,"S10",56.294425,-161.768526,69322,"red king crab",2,90.48,NA,1,2,3,2,2,191.41,NA,NA,NA,NA,NA,NA,NA,NA
202301,"Vesteraalen",42,"S10",56.294425,-161.768526,69322,"red king crab",2,149.56,NA,1,3,3,2,6,191.41,NA,NA,NA,NA,NA,NA,NA,NA
202301,"Vesteraalen",42,"S10",56.294425,-161.768526,69322,"red king crab",2,108.01,NA,1,2,3,2,6,191.41,NA,NA,NA,NA,NA,NA,NA,NA
202301,"Vesteraalen",42,"S10",56.294425,-161.768526,69322,"red king crab",2,100.61,NA,1,2,2,2,6,191.41,NA,NA,NA,NA,NA,NA,NA,NA
202301,"Vesteraalen",42,"S10",56.294425,-161.768526,69322,"red king crab",2,103.2,NA,1,2,3,2,6,191.41,NA,NA,NA,NA,NA,NA,NA,NA
202301,"Vesteraalen",42,"S10",56.294425,-161.768526,69322,"red king crab",2,117.26,NA,1,2,3,2,6,191.41,NA,NA,NA,NA,NA,NA,NA,NA
202301,"Vesteraalen",42,"S10",56.294425,-161.768526,69322,"red king crab",2,101.05,NA,1,2,3,2,6,191.41,NA,NA,NA,NA,NA,NA,NA,NA
202301,"Vesteraalen",42,"S10",56.294425,-161.768526,69322,"red king crab",2,107.89,NA,1,2,3,2,6,191.41,NA,NA,NA,NA,NA,NA,NA,NA
202301,"Vesteraalen",42,"S10",56.294425,-161.768526,69322,"red king crab",2,112.62,NA,1,2,3,2,6,191.41,NA,NA,NA,NA,NA,NA,NA,NA
202301,"Vesteraalen",42,"S10",56.294425,-161.768526,69322,"red king crab",2,97.49,NA,1,2,3,2,6,191.41,NA,NA,NA,NA,NA,NA,NA,NA
202301,"Vesteraalen",42,"S10",56.294425,-161.768526,69322,"red king crab",2,101.66,NA,1,2,3,2,6,191.41,NA,NA,NA,NA,NA,NA,NA,NA
202301,"Vesteraalen",42,"S10",56.294425,-161.768526,69322,"red king crab",2,108.93,NA,1,2,3,2,6,191.41,NA,NA,NA,NA,NA,NA,NA,NA
202301,"Vesteraalen",42,"S10",56.294425,-161.768526,69322,"red king crab",2,106.42,NA,1,2,3,2,6,191.41,NA,NA,NA,NA,NA,NA,NA,NA
202301,"Vesteraalen",42,"S10",56.294425,-161.768526,69322,"red king crab",2,124.01,NA,1,2,3,2,6,191.41,NA,NA,NA,NA,NA,NA,NA,NA
202301,"Vesteraalen",42,"S10",56.294425,-161.768526,69322,"red king crab",2,112.08,NA,1,2,3,2,6,191.41,NA,NA,NA,NA,NA,NA,NA,NA
202301,"Vesteraalen",42,"S10",56.294425,-161.768526,69322,"red king crab",2,151.65,NA,1,2,3,2,6,191.41,NA,NA,NA,NA,NA,NA,NA,NA
202301,"Vesteraalen",42,"S10",56.294425,-161.768526,69322,"red king crab",2,113.83,NA,1,2,3,2,6,191.41,NA,NA,NA,NA,NA,NA,NA,NA
202301,"Vesteraalen",42,"S10",56.294425,-161.768526,69322,"red king crab",2,119.09,NA,1,2,3,2,6,191.41,NA,NA,NA,NA,NA,NA,NA,NA
202301,"Vesteraalen",42,"S10",56.294425,-161.768526,69322,"red king crab",2,106.26,NA,1,2,3,2,6,191.41,NA,NA,NA,NA,NA,NA,NA,NA
202301,"Vesteraalen",42,"S10",56.294425,-161.768526,69322,"red king crab",2,100.23,NA,1,2,3,2,6,191.41,NA,NA,NA,NA,NA,NA,NA,NA
202301,"Vesteraalen",42,"S10",56.294425,-161.768526,69322,"red king crab",2,141.44,NA,1,2,3,2,6,191.41,NA,NA,NA,NA,NA,NA,NA,NA
202301,"Vesteraalen",42,"S10",56.294425,-161.768526,69322,"red king crab",2,108.42,NA,1,2,3,2,6,191.41,NA,NA,NA,NA,NA,NA,NA,NA
202301,"Vesteraalen",42,"S10",56.294425,-161.768526,69322,"red king crab",2,112.24,NA,1,2,3,2,6,191.41,NA,NA,NA,NA,NA,NA,NA,NA
202301,"Vesteraalen",42,"S10",56.294425,-161.768526,69322,"red king crab",2,97.92,NA,1,2,3,2,6,191.41,NA,NA,NA,NA,NA,NA,NA,NA
202301,"Vesteraalen",42,"S10",56.294425,-161.768526,69322,"red king crab",2,105.16,NA,1,2,3,2,6,191.41,NA,NA,NA,NA,NA,NA,NA,NA
202301,"Vesteraalen",42,"S10",56.294425,-161.768526,69322,"red king crab",2,111,NA,1,2,3,2,6,191.41,NA,NA,NA,NA,NA,NA,NA,NA
202301,"Vesteraalen",42,"S10",56.294425,-161.768526,69322,"red king crab",2,101.85,NA,1,2,3,2,6,191.41,NA,NA,NA,NA,NA,NA,NA,NA
202301,"Vesteraalen",42,"S10",56.294425,-161.768526,69322,"red king crab",2,146.52,NA,1,2,3,2,6,191.41,NA,NA,NA,NA,NA,NA,NA,NA
202301,"Vesteraalen",42,"S10",56.294425,-161.768526,69322,"red king crab",2,105.63,NA,1,2,3,2,6,191.41,NA,NA,NA,NA,NA,NA,NA,NA
202301,"Vesteraalen",42,"S10",56.294425,-161.768526,69322,"red king crab",2,129.18,NA,1,2,2,2,6,191.41,NA,NA,NA,NA,NA,NA,NA,NA
202301,"Vesteraalen",42,"S10",56.294425,-161.768526,69322,"red king crab",2,100.76,NA,1,2,3,2,6,191.41,NA,NA,NA,NA,NA,NA,NA,NA
202301,"Vesteraalen",42,"S10",56.294425,-161.768526,69322,"red king crab",2,101.02,NA,1,2,3,2,6,191.41,NA,NA,NA,NA,NA,NA,NA,NA
202301,"Vesteraalen",42,"S10",56.294425,-161.768526,69322,"red king crab",2,121.94,NA,1,2,3,2,6,191.41,NA,NA,NA,NA,NA,NA,NA,NA
202301,"Vesteraalen",42,"S10",56.294425,-161.768526,69322,"red king crab",2,132.73,NA,1,2,2,2,6,191.41,NA,NA,NA,NA,NA,NA,NA,NA
202301,"Vesteraalen",42,"S10",56.294425,-161.768526,69322,"red king crab",2,116.11,NA,1,2,3,2,6,191.41,NA,NA,NA,NA,NA,NA,NA,NA
202301,"Vesteraalen",42,"S10",56.294425,-161.768526,69322,"red king crab",2,116.13,NA,1,2,3,2,6,191.41,NA,NA,NA,NA,NA,NA,NA,NA
202301,"Vesteraalen",42,"S10",56.294425,-161.768526,69322,"red king crab",2,104.02,NA,1,2,3,2,6,191.41,NA,NA,NA,NA,NA,NA,NA,NA
202301,"Vesteraalen",42,"S10",56.294425,-161.768526,69322,"red king crab",2,105.59,NA,1,2,3,2,6,191.41,NA,NA,NA,NA,NA,NA,NA,NA
202301,"Vesteraalen",42,"S10",56.294425,-161.768526,69322,"red king crab",2,110.38,NA,1,2,3,2,6,191.41,NA,NA,NA,NA,NA,NA,NA,NA
202301,"Vesteraalen",42,"S10",56.294425,-161.768526,69322,"red king crab",2,104.25,NA,1,2,3,2,6,191.41,NA,NA,NA,NA,NA,NA,NA,NA
202301,"Vesteraalen",42,"S10",56.294425,-161.768526,69322,"red king crab",2,141.59,NA,1,2,3,2,6,191.41,NA,NA,NA,NA,NA,NA,NA,NA
202301,"Vesteraalen",42,"S10",56.294425,-161.768526,69322,"red king crab",2,130.97,NA,1,2,3,2,6,191.41,NA,NA,NA,NA,NA,NA,NA,NA
202301,"Vesteraalen",42,"S10",56.294425,-161.768526,69322,"red king crab",2,101.85,NA,1,2,3,2,6,191.41,NA,NA,NA,NA,NA,NA,NA,NA
202301,"Vesteraalen",42,"S10",56.294425,-161.768526,69322,"red king crab",2,114.23,NA,1,2,3,2,6,191.41,NA,NA,NA,NA,NA,NA,NA,NA
202301,"Vesteraalen",42,"S10",56.294425,-161.768526,69322,"red king crab",2,137.2,NA,1,2,3,2,6,191.41,NA,NA,NA,NA,NA,NA,NA,NA
202301,"Vesteraalen",42,"S10",56.294425,-161.768526,69322,"red king crab",2,110.3,NA,1,2,3,2,6,191.41,NA,NA,NA,NA,NA,NA,NA,NA
202301,"Vesteraalen",42,"S10",56.294425,-161.768526,69322,"red king crab",2,116.75,NA,1,2,3,2,6,191.41,NA,NA,NA,NA,NA,NA,NA,NA
202301,"Vesteraalen",42,"S10",56.294425,-161.768526,69322,"red king crab",2,111.99,NA,1,2,3,2,6,191.41,NA,NA,NA,NA,NA,NA,NA,NA
202301,"Vesteraalen",42,"S10",56.294425,-161.768526,69322,"red king crab",2,96.13,NA,1,2,3,2,6,191.41,NA,NA,NA,NA,NA,NA,NA,NA
202301,"Vesteraalen",42,"S10",56.294425,-161.768526,69322,"red king crab",2,117.87,NA,1,2,3,2,6,191.41,NA,NA,NA,NA,NA,NA,NA,NA
202301,"Vesteraalen",42,"S10",56.294425,-161.768526,69322,"red king crab",2,113.1,NA,1,2,3,2,6,191.41,NA,NA,NA,NA,NA,NA,NA,NA
202301,"Vesteraalen",42,"S10",56.294425,-161.768526,69322,"red king crab",2,92.08,NA,1,2,3,2,6,191.41,NA,NA,NA,NA,NA,NA,NA,NA
202301,"Vesteraalen",42,"S10",56.294425,-161.768526,69322,"red king crab",2,103.18,NA,1,2,3,2,6,191.41,NA,NA,NA,NA,NA,NA,NA,NA
202301,"Vesteraalen",42,"S10",56.294425,-161.768526,69322,"red king crab",2,107.29,NA,1,2,3,2,6,191.41,NA,NA,NA,NA,NA,NA,NA,NA
202301,"Vesteraalen",42,"S10",56.294425,-161.768526,69322,"red king crab",2,120.97,NA,1,2,3,2,6,191.41,NA,NA,NA,NA,NA,NA,NA,NA
202301,"Vesteraalen",42,"S10",56.294425,-161.768526,69322,"red king crab",2,105.31,NA,1,2,3,2,6,191.41,NA,NA,NA,NA,NA,NA,NA,NA
202301,"Vesteraalen",42,"S10",56.294425,-161.768526,69322,"red king crab",2,105.72,NA,1,2,3,2,6,191.41,NA,NA,NA,NA,NA,NA,NA,NA
202301,"Vesteraalen",42,"S10",56.294425,-161.768526,69322,"red king crab",2,139.59,NA,1,2,3,2,6,191.41,NA,NA,NA,NA,NA,NA,NA,NA
202301,"Vesteraalen",42,"S10",56.294425,-161.768526,69322,"red king crab",2,134.36,NA,1,2,3,2,6,191.41,NA,NA,NA,NA,NA,NA,NA,NA
202301,"Vesteraalen",42,"S10",56.294425,-161.768526,69322,"red king crab",2,127.15,NA,1,2,2,2,6,191.41,NA,NA,NA,NA,NA,NA,NA,NA
202301,"Vesteraalen",42,"S10",56.294425,-161.768526,69322,"red king crab",2,116.98,NA,1,2,3,2,6,191.41,NA,NA,NA,NA,NA,NA,NA,NA
202301,"Vesteraalen",42,"S10",56.294425,-161.768526,69322,"red king crab",2,105.7,NA,1,2,3,2,6,191.41,NA,NA,NA,NA,NA,NA,NA,NA
202301,"Vesteraalen",42,"S10",56.294425,-161.768526,69322,"red king crab",2,147.19,NA,1,2,3,2,6,191.41,NA,NA,NA,NA,NA,NA,NA,NA
202301,"Vesteraalen",42,"S10",56.294425,-161.768526,69322,"red king crab",2,106.48,NA,1,2,3,2,6,191.41,NA,NA,NA,NA,NA,NA,NA,NA
202301,"Vesteraalen",42,"S10",56.294425,-161.768526,69322,"red king crab",2,162.87,NA,1,2,3,2,6,191.41,NA,NA,NA,NA,NA,NA,NA,NA
202301,"Vesteraalen",42,"S10",56.294425,-161.768526,69322,"red king crab",2,115.23,NA,1,2,3,2,6,191.41,NA,NA,NA,NA,NA,NA,NA,NA
202301,"Vesteraalen",42,"S10",56.294425,-161.768526,69322,"red king crab",2,105.74,NA,1,2,3,2,6,191.41,NA,NA,NA,NA,NA,NA,NA,NA
202301,"Vesteraalen",42,"S10",56.294425,-161.768526,69322,"red king crab",2,116.03,NA,1,2,3,2,6,191.41,NA,NA,NA,NA,NA,NA,NA,NA
202301,"Vesteraalen",42,"S10",56.294425,-161.768526,69322,"red king crab",2,103.56,NA,1,2,3,2,6,191.41,NA,NA,NA,NA,NA,NA,NA,NA
202301,"Vesteraalen",42,"S10",56.294425,-161.768526,69322,"red king crab",2,107.61,NA,1,2,3,2,6,191.41,NA,NA,NA,NA,NA,NA,NA,NA
202301,"Vesteraalen",42,"S10",56.294425,-161.768526,69322,"red king crab",2,139.54,NA,1,2,3,2,6,191.41,NA,NA,NA,NA,NA,NA,NA,NA
202301,"Vesteraalen",42,"S10",56.294425,-161.768526,69322,"red king crab",2,135.51,NA,1,2,3,2,6,191.41,NA,NA,NA,NA,NA,NA,NA,NA
202301,"Vesteraalen",42,"S10",56.294425,-161.768526,69322,"red king crab",2,111.6,NA,1,2,3,2,6,191.41,NA,NA,NA,NA,NA,NA,NA,NA
202301,"Vesteraalen",42,"S10",56.294425,-161.768526,69322,"red king crab",2,107.08,NA,1,2,3,2,6,191.41,NA,NA,NA,NA,NA,NA,NA,NA
202301,"Vesteraalen",42,"S10",56.294425,-161.768526,69322,"red king crab",2,103.89,NA,1,2,3,2,6,191.41,NA,NA,NA,NA,NA,NA,NA,NA
202301,"Vesteraalen",42,"S10",56.294425,-161.768526,69322,"red king crab",2,94.62,NA,1,2,3,2,6,191.41,NA,NA,NA,NA,NA,NA,NA,NA
202301,"Vesteraalen",42,"S10",56.294425,-161.768526,69322,"red king crab",2,112.39,NA,1,2,3,2,6,191.41,NA,NA,NA,NA,NA,NA,NA,NA
202301,"Vesteraalen",42,"S10",56.294425,-161.768526,69322,"red king crab",2,99.83,NA,1,2,3,2,6,191.41,NA,NA,NA,NA,NA,NA,NA,NA
202301,"Vesteraalen",42,"S10",56.294425,-161.768526,69322,"red king crab",2,125.11,NA,1,2,3,2,6,191.41,NA,NA,NA,NA,NA,NA,NA,NA
202301,"Vesteraalen",42,"S10",56.294425,-161.768526,69322,"red king crab",2,123.9,NA,1,2,3,2,6,191.41,NA,NA,NA,NA,NA,NA,NA,NA
202301,"Vesteraalen",42,"S10",56.294425,-161.768526,69322,"red king crab",2,121.91,NA,1,2,3,2,6,191.41,NA,NA,NA,NA,NA,NA,NA,NA
202301,"Vesteraalen",42,"S10",56.294425,-161.768526,69322,"red king crab",2,107.13,NA,1,2,3,2,6,191.41,NA,NA,NA,NA,NA,NA,NA,NA
202301,"Vesteraalen",42,"S10",56.294425,-161.768526,69322,"red king crab",2,96.22,NA,1,2,3,2,6,191.41,NA,NA,NA,NA,NA,NA,NA,NA
202301,"Vesteraalen",42,"S10",56.294425,-161.768526,69322,"red king crab",2,130.14,NA,1,2,3,2,6,191.41,NA,NA,NA,NA,NA,NA,NA,NA
202301,"Vesteraalen",42,"S10",56.294425,-161.768526,69322,"red king crab",2,102.77,NA,1,2,3,2,6,191.41,NA,NA,NA,NA,NA,NA,NA,NA
202301,"Vesteraalen",42,"S10",56.294425,-161.768526,69322,"red king crab",2,96.93,NA,1,2,3,2,6,191.41,NA,NA,NA,NA,NA,NA,NA,NA
202301,"Vesteraalen",42,"S10",56.294425,-161.768526,69322,"red king crab",1,108.77,NA,1,2,NA,NA,NA,18.37,NA,NA,NA,NA,NA,NA,NA,NA
202301,"Vesteraalen",42,"S10",56.294425,-161.768526,69322,"red king crab",1,168.77,NA,1,3,NA,NA,NA,18.37,NA,NA,NA,NA,NA,NA,NA,NA
202301,"Vesteraalen",42,"S10",56.294425,-161.768526,69322,"red king crab",1,146.71,NA,1,3,NA,NA,NA,18.37,NA,NA,NA,NA,NA,NA,NA,NA
202301,"Vesteraalen",42,"S10",56.294425,-161.768526,69322,"red king crab",1,147.84,NA,1,3,NA,NA,NA,18.37,NA,NA,NA,NA,NA,NA,NA,NA
202301,"Vesteraalen",42,"S10",56.294425,-161.768526,69322,"red king crab",1,152.97,NA,1,2,NA,NA,NA,18.37,NA,NA,NA,NA,NA,NA,NA,NA
202301,"Vesteraalen",42,"S10",56.294425,-161.768526,69322,"red king crab",1,161.28,NA,1,3,NA,NA,NA,18.37,NA,NA,NA,NA,NA,NA,NA,NA
202301,"Vesteraalen",42,"S10",56.294425,-161.768526,69322,"red king crab",1,166.58,NA,1,3,NA,NA,NA,18.37,NA,NA,NA,NA,NA,NA,NA,NA
202301,"Vesteraalen",41,"S11",56.128392,-161.776174,69322,"red king crab",2,102.92,NA,1,2,3,2,6,1,NA,NA,NA,NA,NA,NA,NA,NA
202301,"Vesteraalen",52,"R1",57.793094,-162.164726,69322,"red king crab",1,151.48,NA,1,2,NA,NA,NA,2.57,NA,NA,NA,NA,NA,NA,NA,NA
202301,"Vesteraalen",56,"R5",57.129772,-162.18886,69322,"red king crab",1,157.97,NA,1,2,NA,NA,NA,14.68,NA,NA,NA,NA,NA,NA,NA,NA
202301,"Vesteraalen",56,"R5",57.129772,-162.18886,69322,"red king crab",1,161.47,NA,1,2,NA,NA,NA,14.68,NA,NA,NA,NA,NA,NA,NA,NA
202301,"Vesteraalen",56,"R5",57.129772,-162.18886,69322,"red king crab",1,136.35,NA,1,2,NA,NA,NA,14.68,NA,NA,NA,NA,NA,NA,NA,NA
202301,"Vesteraalen",56,"R5",57.129772,-162.18886,69322,"red king crab",1,179.89,NA,1,3,NA,NA,NA,14.68,NA,NA,NA,NA,NA,NA,NA,NA
202301,"Vesteraalen",56,"R5",57.129772,-162.18886,69322,"red king crab",1,133.78,NA,1,2,NA,NA,NA,14.68,NA,NA,NA,NA,NA,NA,NA,NA
202301,"Vesteraalen",56,"R5",57.129772,-162.18886,69322,"red king crab",2,84.37,NA,1,2,3,2,6,2.75,NA,NA,NA,NA,NA,NA,NA,NA
202301,"Vesteraalen",56,"R5",57.129772,-162.18886,69322,"red king crab",2,151.31,NA,1,3,3,2,6,2.75,NA,NA,NA,NA,NA,NA,NA,NA
202301,"Vesteraalen",57,"R6",56.963873,-162.194754,69322,"red king crab",1,95.26,NA,1,2,NA,NA,NA,20.92,NA,NA,NA,NA,NA,NA,NA,NA
202301,"Vesteraalen",57,"R6",56.963873,-162.194754,69322,"red king crab",1,162.77,NA,1,1,NA,NA,NA,20.92,NA,NA,NA,NA,NA,NA,NA,NA
202301,"Vesteraalen",57,"R6",56.963873,-162.194754,69322,"red king crab",1,156.92,NA,1,2,NA,NA,NA,20.92,NA,NA,NA,NA,NA,NA,NA,NA
202301,"Vesteraalen",57,"R6",56.963873,-162.194754,69322,"red king crab",1,109.51,NA,1,2,NA,NA,NA,20.92,NA,NA,NA,NA,NA,NA,NA,NA
202301,"Vesteraalen",57,"R6",56.963873,-162.194754,69322,"red king crab",1,156.28,NA,1,1,NA,NA,NA,20.92,NA,NA,NA,NA,NA,NA,NA,NA
202301,"Vesteraalen",57,"R6",56.963873,-162.194754,69322,"red king crab",1,162.87,NA,1,2,NA,NA,NA,20.92,NA,NA,NA,NA,NA,NA,NA,NA
202301,"Vesteraalen",57,"R6",56.963873,-162.194754,69322,"red king crab",1,160.44,NA,1,3,NA,NA,NA,20.92,NA,NA,NA,NA,NA,NA,NA,NA
202301,"Vesteraalen",57,"R6",56.963873,-162.194754,69322,"red king crab",1,167.43,NA,1,3,NA,NA,NA,20.92,NA,NA,NA,NA,NA,NA,NA,NA
202301,"Vesteraalen",58,"R7",56.797944,-162.200595,69322,"red king crab",2,152.75,NA,1,3,3,2,6,5.51,NA,NA,NA,NA,NA,NA,NA,NA
202301,"Vesteraalen",58,"R7",56.797944,-162.200595,69322,"red king crab",2,157.61,NA,1,3,3,2,6,5.51,NA,NA,NA,NA,NA,NA,NA,NA
202301,"Vesteraalen",59,"R8",56.631985,-162.206383,69322,"red king crab",1,109.16,NA,1,2,NA,NA,NA,4.84,NA,NA,NA,NA,NA,NA,NA,NA
202301,"Vesteraalen",59,"R8",56.631985,-162.206383,69322,"red king crab",1,164.23,NA,1,2,NA,NA,NA,4.84,NA,NA,NA,NA,NA,NA,NA,NA
202301,"Vesteraalen",59,"R8",56.631985,-162.206383,69322,"red king crab",2,143.48,NA,1,3,2,2,6,7.56,NA,NA,NA,NA,NA,NA,NA,NA
202301,"Vesteraalen",59,"R8",56.631985,-162.206383,69322,"red king crab",2,132.63,NA,1,3,3,2,6,7.56,NA,NA,NA,NA,NA,NA,NA,NA
202301,"Vesteraalen",59,"R8",56.631985,-162.206383,69322,"red king crab",2,125.37,NA,1,3,3,2,6,7.56,NA,NA,NA,NA,NA,NA,NA,NA
202301,"Vesteraalen",59,"R8",56.631985,-162.206383,69322,"red king crab",2,129.72,NA,1,2,3,2,6,7.56,NA,NA,NA,NA,NA,NA,NA,NA
202301,"Vesteraalen",59,"R8",56.631985,-162.206383,69322,"red king crab",2,25.86,NA,1,2,0,0,0,7.56,NA,NA,NA,NA,NA,NA,NA,NA
202301,"Vesteraalen",60,"R9",56.465995,-162.212118,69322,"red king crab",1,159.47,NA,1,2,NA,NA,NA,3.4,NA,NA,NA,NA,NA,NA,NA,NA
202301,"Vesteraalen",60,"R9",56.465995,-162.212118,69322,"red king crab",2,113.01,NA,1,3,3,2,6,3.2,NA,NA,NA,NA,NA,NA,NA,NA
202301,"Vesteraalen",60,"R9",56.465995,-162.212118,69322,"red king crab",2,137.25,NA,1,3,3,2,6,3.2,NA,NA,NA,NA,NA,NA,NA,NA
202301,"Vesteraalen",61,"R10",56.299971,-162.217801,69322,"red king crab",1,152.88,NA,1,4,NA,NA,NA,2.94,NA,NA,NA,NA,NA,NA,NA,NA
202301,"Vesteraalen",61,"R10",56.299971,-162.217801,69322,"red king crab",2,114.66,NA,1,3,3,2,6,4.28,NA,NA,NA,NA,NA,NA,NA,NA
202301,"Vesteraalen",61,"R10",56.299971,-162.217801,69322,"red king crab",2,105.58,NA,1,3,3,2,6,4.28,NA,NA,NA,NA,NA,NA,NA,NA
202301,"Vesteraalen",61,"R10",56.299971,-162.217801,69322,"red king crab",2,138.46,NA,1,3,2,2,6,4.28,NA,NA,NA,NA,NA,NA,NA,NA
202301,"Vesteraalen",62,"R11",56.133914,-162.223434,69322,"red king crab",2,131.36,NA,1,3,0,0,999,7.4,NA,NA,NA,NA,NA,NA,NA,NA
202301,"Vesteraalen",62,"R11",56.133914,-162.223434,69322,"red king crab",2,143.05,NA,1,3,3,2,6,7.4,NA,NA,NA,NA,NA,NA,NA,NA
202301,"Vesteraalen",62,"R11",56.133914,-162.223434,69322,"red king crab",2,140.03,NA,1,3,3,2,6,7.4,NA,NA,NA,NA,NA,NA,NA,NA
202301,"Vesteraalen",62,"R11",56.133914,-162.223434,69322,"red king crab",2,122.26,NA,1,3,3,2,6,7.4,NA,NA,NA,NA,NA,NA,NA,NA
202301,"Vesteraalen",78,"Q1",57.797112,-162.633129,69322,"red king crab",2,89.97,NA,1,3,3,2,6,0.54,NA,NA,NA,NA,NA,NA,NA,NA
202301,"Vesteraalen",74,"Q5",57.133718,-162.648617,69322,"red king crab",1,133.56,NA,1,2,NA,NA,NA,36.48,NA,NA,NA,NA,NA,NA,NA,NA
202301,"Vesteraalen",74,"Q5",57.133718,-162.648617,69322,"red king crab",1,134.27,NA,1,2,NA,NA,NA,36.48,NA,NA,NA,NA,NA,NA,NA,NA
202301,"Vesteraalen",74,"Q5",57.133718,-162.648617,69322,"red king crab",1,118.76,NA,1,2,NA,NA,NA,36.48,NA,NA,NA,NA,NA,NA,NA,NA
202301,"Vesteraalen",74,"Q5",57.133718,-162.648617,69322,"red king crab",1,111.99,NA,1,2,NA,NA,NA,36.48,NA,NA,NA,NA,NA,NA,NA,NA
202301,"Vesteraalen",74,"Q5",57.133718,-162.648617,69322,"red king crab",1,161.6,NA,1,1,NA,NA,NA,36.48,NA,NA,NA,NA,NA,NA,NA,NA
202301,"Vesteraalen",74,"Q5",57.133718,-162.648617,69322,"red king crab",1,137.54,NA,1,2,NA,NA,NA,36.48,NA,NA,NA,NA,NA,NA,NA,NA
202301,"Vesteraalen",74,"Q5",57.133718,-162.648617,69322,"red king crab",1,142.76,NA,1,2,NA,NA,NA,36.48,NA,NA,NA,NA,NA,NA,NA,NA
202301,"Vesteraalen",74,"Q5",57.133718,-162.648617,69322,"red king crab",1,110.94,NA,1,2,NA,NA,NA,36.48,NA,NA,NA,NA,NA,NA,NA,NA
202301,"Vesteraalen",74,"Q5",57.133718,-162.648617,69322,"red king crab",1,163.36,NA,1,4,NA,NA,NA,36.48,NA,NA,NA,NA,NA,NA,NA,NA
202301,"Vesteraalen",74,"Q5",57.133718,-162.648617,69322,"red king crab",1,147.45,NA,1,2,NA,NA,NA,36.48,NA,NA,NA,NA,NA,NA,NA,NA
202301,"Vesteraalen",74,"Q5",57.133718,-162.648617,69322,"red king crab",1,145.75,NA,1,2,NA,NA,NA,36.48,NA,NA,NA,NA,NA,NA,NA,NA
202301,"Vesteraalen",74,"Q5",57.133718,-162.648617,69322,"red king crab",1,143.61,NA,1,2,NA,NA,NA,36.48,NA,NA,NA,NA,NA,NA,NA,NA
202301,"Vesteraalen",74,"Q5",57.133718,-162.648617,69322,"red king crab",1,158.18,NA,1,3,NA,NA,NA,36.48,NA,NA,NA,NA,NA,NA,NA,NA
202301,"Vesteraalen",74,"Q5",57.133718,-162.648617,69322,"red king crab",2,99.65,NA,1,2,3,1,6,2.94,NA,NA,NA,NA,NA,NA,NA,NA
202301,"Vesteraalen",74,"Q5",57.133718,-162.648617,69322,"red king crab",2,147.48,NA,1,3,3,2,6,2.94,NA,NA,NA,NA,NA,NA,NA,NA
202301,"Vesteraalen",73,"Q6",56.967802,-162.652401,69322,"red king crab",2,108.26,NA,1,2,3,1,5,0.89,NA,NA,NA,NA,NA,NA,NA,NA
202301,"Vesteraalen",73,"Q6",56.967802,-162.652401,69322,"red king crab",1,106.21,NA,1,2,NA,NA,NA,14.52,NA,NA,NA,NA,NA,NA,NA,NA
202301,"Vesteraalen",73,"Q6",56.967802,-162.652401,69322,"red king crab",1,165.57,NA,1,2,NA,NA,NA,14.52,NA,NA,NA,NA,NA,NA,NA,NA
202301,"Vesteraalen",73,"Q6",56.967802,-162.652401,69322,"red king crab",1,163.24,NA,1,2,NA,NA,NA,14.52,NA,NA,NA,NA,NA,NA,NA,NA
202301,"Vesteraalen",73,"Q6",56.967802,-162.652401,69322,"red king crab",1,131.17,NA,1,2,NA,NA,NA,14.52,NA,NA,NA,NA,NA,NA,NA,NA
202301,"Vesteraalen",73,"Q6",56.967802,-162.652401,69322,"red king crab",1,148.2,NA,1,2,NA,NA,NA,14.52,NA,NA,NA,NA,NA,NA,NA,NA
202301,"Vesteraalen",73,"Q6",56.967802,-162.652401,69322,"red king crab",1,125.2,NA,1,2,NA,NA,NA,14.52,NA,NA,NA,NA,NA,NA,NA,NA
202301,"Vesteraalen",73,"Q6",56.967802,-162.652401,69322,"red king crab",1,147.01,NA,1,2,NA,NA,NA,14.52,NA,NA,NA,NA,NA,NA,NA,NA
202301,"Vesteraalen",72,"Q7",56.801856,-162.656149,69322,"red king crab",2,122.01,NA,1,3,2,2,6,2.77,NA,NA,NA,NA,NA,NA,NA,NA
202301,"Vesteraalen",72,"Q7",56.801856,-162.656149,69322,"red king crab",2,135.38,NA,1,3,3,2,6,2.77,NA,NA,NA,NA,NA,NA,NA,NA
202301,"Vesteraalen",71,"Q8",56.63588,-162.659863,69322,"red king crab",2,132.42,NA,1,3,3,2,6,12.86,NA,NA,NA,NA,NA,NA,NA,NA
202301,"Vesteraalen",71,"Q8",56.63588,-162.659863,69322,"red king crab",2,132.68,NA,1,3,3,2,6,12.86,NA,NA,NA,NA,NA,NA,NA,NA
202301,"Vesteraalen",71,"Q8",56.63588,-162.659863,69322,"red king crab",2,143.21,NA,1,3,3,2,6,12.86,NA,NA,NA,NA,NA,NA,NA,NA
202301,"Vesteraalen",71,"Q8",56.63588,-162.659863,69322,"red king crab",2,101.67,NA,1,2,3,2,5,12.86,NA,NA,NA,NA,NA,NA,NA,NA
202301,"Vesteraalen",71,"Q8",56.63588,-162.659863,69322,"red king crab",2,124.26,NA,1,3,3,2,6,12.86,NA,NA,NA,NA,NA,NA,NA,NA
202301,"Vesteraalen",71,"Q8",56.63588,-162.659863,69322,"red king crab",2,145.88,NA,1,3,3,2,6,12.86,NA,NA,NA,NA,NA,NA,NA,NA
202301,"Vesteraalen",71,"Q8",56.63588,-162.659863,69322,"red king crab",2,122.5,NA,1,3,3,2,6,12.86,NA,NA,NA,NA,NA,NA,NA,NA
202301,"Vesteraalen",71,"Q8",56.63588,-162.659863,69322,"red king crab",2,124.02,NA,1,3,3,2,6,12.86,NA,NA,NA,NA,NA,NA,NA,NA
202301,"Vesteraalen",70,"Q9",56.469873,-162.663544,69322,"red king crab",2,140.67,NA,1,3,3,2,6,3.78,NA,NA,NA,NA,NA,NA,NA,NA
202301,"Vesteraalen",70,"Q9",56.469873,-162.663544,69322,"red king crab",2,103.61,NA,1,2,2,1,5,3.78,NA,NA,NA,NA,NA,NA,NA,NA
202301,"Vesteraalen",70,"Q9",56.469873,-162.663544,69322,"red king crab",2,107.31,NA,1,3,3,2,6,3.78,NA,NA,NA,NA,NA,NA,NA,NA
202301,"Vesteraalen",70,"Q9",56.469873,-162.663544,69322,"red king crab",1,145.81,NA,1,2,NA,NA,NA,2.35,NA,NA,NA,NA,NA,NA,NA,NA
202301,"Vesteraalen",69,"Q10",56.303833,-162.667192,69322,"red king crab",1,150.61,NA,1,2,NA,NA,NA,2.79,NA,NA,NA,NA,NA,NA,NA,NA
202301,"Vesteraalen",67,"Q12",55.971651,-162.674389,69322,"red king crab",2,133.03,NA,1,3,3,2,6,1.88,NA,NA,NA,NA,NA,NA,NA,NA
202301,"Vesteraalen",66,"Q13",55.805507,-162.677939,69322,"red king crab",2,158.77,NA,1,3,3,2,6,2.73,NA,NA,NA,NA,NA,NA,NA,NA
202301,"Vesteraalen",108,"P3",57.467711,-163.105067,69322,"red king crab",2,88.47,NA,1,2,0,0,0,0.6,NA,NA,NA,NA,NA,NA,NA,NA
202301,"Vesteraalen",107,"P4",57.30184,-163.106768,69322,"red king crab",1,138.67,NA,1,2,NA,NA,NA,12.49,NA,NA,NA,NA,NA,NA,NA,NA
202301,"Vesteraalen",107,"P4",57.30184,-163.106768,69322,"red king crab",1,138.09,NA,1,2,NA,NA,NA,12.49,NA,NA,NA,NA,NA,NA,NA,NA
202301,"Vesteraalen",107,"P4",57.30184,-163.106768,69322,"red king crab",1,133.66,NA,1,3,NA,NA,NA,12.49,NA,NA,NA,NA,NA,NA,NA,NA
202301,"Vesteraalen",107,"P4",57.30184,-163.106768,69322,"red king crab",1,162.78,NA,1,3,NA,NA,NA,12.49,NA,NA,NA,NA,NA,NA,NA,NA
202301,"Vesteraalen",107,"P4",57.30184,-163.106768,69322,"red king crab",1,104.56,NA,1,2,NA,NA,NA,12.49,NA,NA,NA,NA,NA,NA,NA,NA
202301,"Vesteraalen",107,"P4",57.30184,-163.106768,69322,"red king crab",1,124.2,NA,1,2,NA,NA,NA,12.49,NA,NA,NA,NA,NA,NA,NA,NA
202301,"Vesteraalen",107,"P4",57.30184,-163.106768,69322,"red king crab",2,91.31,NA,1,2,3,2,6,1.05,NA,NA,NA,NA,NA,NA,NA,NA
202301,"Vesteraalen",106,"P5",57.135942,-163.108454,69322,"red king crab",1,164.24,NA,1,2,NA,NA,NA,4.29,NA,NA,NA,NA,NA,NA,NA,NA
202301,"Vesteraalen",106,"P5",57.135942,-163.108454,69322,"red king crab",1,141.1,NA,1,2,NA,NA,NA,4.29,NA,NA,NA,NA,NA,NA,NA,NA
202301,"Vesteraalen",106,"P5",57.135942,-163.108454,69322,"red king crab",2,93.99,NA,1,3,3,2,6,1.43,NA,NA,NA,NA,NA,NA,NA,NA
202301,"Vesteraalen",79,"P6",56.970016,-163.110125,69322,"red king crab",1,135.4,NA,1,2,NA,NA,NA,4.71,NA,NA,NA,NA,NA,NA,NA,NA
202301,"Vesteraalen",79,"P6",56.970016,-163.110125,69322,"red king crab",1,149.23,NA,1,2,NA,NA,NA,4.71,NA,NA,NA,NA,NA,NA,NA,NA
202301,"Vesteraalen",79,"P6",56.970016,-163.110125,69322,"red king crab",2,149.81,NA,1,3,3,2,6,1.85,NA,NA,NA,NA,NA,NA,NA,NA
202301,"Vesteraalen",80,"P7",56.804061,-163.11178,69322,"red king crab",1,135.94,NA,1,2,NA,NA,NA,1.81,NA,NA,NA,NA,NA,NA,NA,NA
202301,"Vesteraalen",80,"P7",56.804061,-163.11178,69322,"red king crab",2,98.32,NA,1,3,2,2,6,0.7,NA,NA,NA,NA,NA,NA,NA,NA
202301,"Vesteraalen",81,"P8",56.638075,-163.11342,69322,"red king crab",1,171.13,NA,1,2,NA,NA,NA,6.53,NA,NA,NA,NA,NA,NA,NA,NA
202301,"Vesteraalen",81,"P8",56.638075,-163.11342,69322,"red king crab",1,130.36,NA,1,2,NA,NA,NA,6.53,NA,NA,NA,NA,NA,NA,NA,NA
202301,"Vesteraalen",81,"P8",56.638075,-163.11342,69322,"red king crab",1,104.86,NA,1,2,NA,NA,NA,6.53,NA,NA,NA,NA,NA,NA,NA,NA
202301,"Vesteraalen",82,"P9",56.472058,-163.115045,69322,"red king crab",1,12.87,NA,1,2,NA,NA,NA,0.02,NA,NA,NA,NA,NA,NA,NA,NA
202301,"Vesteraalen",83,"P10",56.306008,-163.116655,69322,"red king crab",1,162.1,NA,1,2,NA,NA,NA,2.9,NA,NA,NA,NA,NA,NA,NA,NA
202301,"Vesteraalen",83,"P10",56.306008,-163.116655,69322,"red king crab",2,111.5,NA,1,3,3,2,6,1.2,NA,NA,NA,NA,NA,NA,NA,NA
202301,"Vesteraalen",85,"P12",55.973808,-163.119833,69322,"red king crab",2,139.64,NA,1,3,3,2,6,4.52,NA,NA,NA,NA,NA,NA,NA,NA
202301,"Vesteraalen",85,"P12",55.973808,-163.119833,69322,"red king crab",2,151.11,NA,1,3,3,2,6,4.52,NA,NA,NA,NA,NA,NA,NA,NA
202301,"Vesteraalen",103,"O4",57.302343,-163.568773,69322,"red king crab",1,163.72,NA,1,3,NA,NA,NA,5.44,NA,NA,NA,NA,NA,NA,NA,NA
202301,"Vesteraalen",103,"O4",57.302343,-163.568773,69322,"red king crab",2,125.13,NA,1,3,3,2,6,4.67,NA,NA,NA,NA,NA,NA,NA,NA
202301,"Vesteraalen",103,"O4",57.302343,-163.568773,69322,"red king crab",2,113,NA,1,3,3,2,6,4.67,NA,NA,NA,NA,NA,NA,NA,NA
202301,"Vesteraalen",102,"O5",57.136443,-163.568326,69322,"red king crab",1,173.69,NA,1,2,NA,NA,NA,6.92,NA,NA,NA,NA,NA,NA,NA,NA
202301,"Vesteraalen",102,"O5",57.136443,-163.568326,69322,"red king crab",1,143.05,NA,1,2,NA,NA,NA,6.92,NA,NA,NA,NA,NA,NA,NA,NA
202301,"Vesteraalen",101,"O6",56.970514,-163.567883,69322,"red king crab",1,133.48,NA,1,2,NA,NA,NA,3.74,NA,NA,NA,NA,NA,NA,NA,NA
202301,"Vesteraalen",101,"O6",56.970514,-163.567883,69322,"red king crab",1,132.96,NA,1,2,NA,NA,NA,3.74,NA,NA,NA,NA,NA,NA,NA,NA
202301,"Vesteraalen",100,"O7",56.804557,-163.567445,69322,"red king crab",1,104.58,NA,1,2,NA,NA,NA,2.09,NA,NA,NA,NA,NA,NA,NA,NA
202301,"Vesteraalen",100,"O7",56.804557,-163.567445,69322,"red king crab",1,117.45,NA,1,2,NA,NA,NA,2.09,NA,NA,NA,NA,NA,NA,NA,NA
202301,"Vesteraalen",98,"O9",56.47255,-163.566579,69322,"red king crab",2,138.77,NA,1,3,3,2,6,2.19,NA,NA,NA,NA,NA,NA,NA,NA
